ID,種別,種別詳細,No.,名称,読みがな,ドロップ,効果,価格,攻撃力,命中精度,防御力,回避能力,魔法攻撃力,魔法防御力,必殺率,攻撃回数,最大HP,罠解除能力,魔法回復量
1,細剣,ノーマル,1,レイピア,れいぴあ,,[+60]命中精度アップ　[+6]追加ダメージ　[武器]近距離攻撃,100GP,3,16,,,,,4.0,0.4,,,
2,細剣,ノーマル,2,ミスリルレイピア,みすりるれいぴあ,,[+80]命中精度アップ　[+7]追加ダメージ　[武器]近距離攻撃,500GP,3,24,,,,,4.0,0.4,,,
3,細剣,ノーマル,3,ロイヤルレイピア,ろいやるれいぴあ,,[+100]命中精度アップ　[+8]追加ダメージ　[武器]近距離攻撃,"2,500GP",3,32,,,,,4.0,0.4,,,
4,細剣,ノーマル,4,カイザーサーベル,かいざーさーべる,,[+120]命中精度アップ　[+9]追加ダメージ　[武器]近距離攻撃,"12,500GP",3,48,,,,,4.0,0.4,,,
5,細剣,ノーマル,5,エンシェントサーベル,えんしぇんとさーべる,,[+140]命中精度アップ　[+10]追加ダメージ　[武器]近距離攻撃,"60,000GP",3,64,,,,,4.0,0.4,,,
6,細剣,ノーマル,6,,,,,,,,,,,,,,,,
7,細剣,ノーマル,7,,,,,,,,,,,,,,,,
8,細剣,ノーマル,8,,,,,,,,,,,,,,,,
9,細剣,レア1,1,騎士の突剣,きしのとつけん,魔性の山道,[+50]命中精度アップ　[+3]追加ダメージ　[才能]攻撃力　[武器]近距離攻撃,"20,000GP",21,58,20,,,,4.0,0.4,40,,
10,細剣,レア1,2,フェンシングサーベル,ふぇんしんぐさーべる,湿地伝説の盗賊迎撃戦,[+50]命中精度アップ　[+3]追加ダメージ　[才能]命中精度　[武器]近距離攻撃,"20,000GP",12,74,,,,,4.0,0.5,,,
11,細剣,レア1,3,急所突きの小剣,きゅしょつきのしょうけん,魔性の平原ホルン遺跡,[+50]命中精度アップ　[+3]追加ダメージ　[才能]必殺率　[武器]近距離攻撃,"20,000GP",9,44,,,,,9.0,0.5,,,
12,細剣,レア1,4,魔獣の爪,まじゅうのつめ,山道,[+50]命中精度アップ　[+3]追加ダメージ　[追加]眠り攻撃　[武器]近距離攻撃,"30,000GP",9,44,,,,,4.0,,,,
13,細剣,レア1,5,マジックレイピア,まじっくれいぴあ,魔性の廃墟川沿い,[+50]命中精度アップ　[+3]追加ダメージ　[+40]魔法攻撃力アップ　[武器]近距離攻撃,"40,000GP",25,44,,,25,,4.0,0.5,,,
14,細剣,レア1,6,脇差し,わきざし,シュケルプ湖,[+70]命中精度アップ　[+2]追加ダメージ　[武器]近距離攻撃,"50,000GP",9,32,,,,,4.0,0.9,,,
15,細剣,レア1,7,小太刀,こだち,魔性の湿地伝説の山道川沿い,[+70]命中精度アップ　[+2]追加ダメージ　[武器]近距離攻撃,"100,000GP",18,40,16,12,,,4.0,0.3,,,
16,細剣,レア1,8,妖獣の爪,ようじゅうのつめ,魔性のシュケルプ湖川沿い魔性の竜の谷大平原魔性の竜の狩り場,[+70]命中精度アップ　[+2]追加ダメージ　[武器]近距離攻撃,"150,000GP",24,64,,,,,4.0,0.3,,,
17,細剣,レア1,9,舞姫の小剣,まいひめのしょうけん,伝説の湿地伝説の地下坑道,[+70]命中精度アップ　[+2]追加ダメージ　[武器]近距離攻撃,"250,000GP",12,98,,24,,,4.0,0.8,,,
18,細剣,レア1,10,エストック,えすとっく,伝説の山道,[+70]命中精度アップ　[+2]追加ダメージ　[武器]近距離攻撃,"400,000GP",28,68,,,,,4.0,0.7,,,
19,細剣,レア1,11,特注のサーベル,とくちゅうのさーべる,古館,[+70]命中精度アップ　[+2]追加ダメージ　[武器]近距離攻撃,"550,000GP",44,52,,,,,4.0,,,,
20,細剣,レア1,12,ジャックナイフ,じゃっくないふ,湖底遺跡伝説の大森林の決戦,[+90]命中精度アップ　[+2]追加ダメージ　[1.6倍]人型に特効　[武器]近距離攻撃,"250,000GP",38,68,-100,,,,4.0,,,,
21,細剣,レア1,13,つらぬきの短刀,つらぬきのたんとう,伝説の氷雷山,[+90]命中精度アップ　[+6]追加ダメージ　[+7]追加ダメージ　[武器]近距離攻撃,"500,000GP",8,24,,,,,4.0,0.5,,,
22,細剣,レア1,14,クリスナイフ,くりすないふ,アイテム合成,[+90]命中精度アップ　[+5]追加ダメージ　[1.6倍]不死に特効　[10%]魔法回復量→命中精度　[武器]近距離攻撃,"1,200,000GP",16,72,24,,,,4.0,0.5,,,
23,細剣,レア1,15,スクリュードライバー※男性専用,すくりゅーどらいばー※だんせいせんよう,アイテム合成,[+110]命中精度アップ　[+6]追加ダメージ　[才能]命中精度　[+5%]必殺威力の増減(%)　[武器]近距離攻撃,"750,000GP",44,44,,,,,9.0,0.7,,,
24,細剣,レア1,16,熊の爪,くまのつめ,氷雷山（尾根）雪山の戦い,[+110]命中精度アップ　[+2]追加ダメージ　[才能]攻撃力　[武器]近距離攻撃,"750,000GP",48,39,,,,,4.0,0.3,,,
25,細剣,レア1,17,クイックレイピア,くいっくれいぴあ,アイテム合成,[+110]命中精度アップ　[戦術]シフトチェンジ　[武器]近距離攻撃,"1,500,000GP",,72,,,,,4.0,0.7,,,
26,細剣,レア1,18,王家の小剣,おうけのしょうけん,魔性の迷いの森伝説の黄金宮殿,[+130]命中精度アップ　[+1]追加ダメージ　[+2]追加ダメージ　[+5%]アイテム獲得+　[武器]近距離攻撃,"1,000,000GP",27,78,24,22,27,24,4.0,0.7,,,28
27,細剣,レア2,1,悪のサーベル※ダークエルフ専用,あくのさーべる※だーくえるふせんよう,アイテム合成,[+130]命中精度アップ　[+5]追加ダメージ　[+8%]殺意　[武器]近距離攻撃,"1,000,000GP",25,44,,,,,7.0,0.9,,,
28,細剣,レア2,2,恐竜の爪,きょうりゅうのつめ,大平原,[+110]命中精度アップ　[+4]追加ダメージ　[+3%]攻撃威力の増減(%)　[武器]近距離攻撃,"1,000,000GP",51,21,,,,,4.0,0.5,,,
29,細剣,レア2,3,トリケラトプスの角,とりけらとぷすのつの,大平原,[+110]命中精度アップ　[+4]追加ダメージ　[+3]攻撃回数アップ　[武器]近距離攻撃,"1,300,000GP",27,77,,,,,4.0,0.5,,,
30,細剣,レア2,4,海竜の牙,かいりゅうのきば,ネア湖,[+110]命中精度アップ　[+4]追加ダメージ　[才能]魔法防御力　[武器]近距離攻撃,"1,200,000GP",9,110,60,,,60,4.0,0.5,,,
31,細剣,レア2,5,点牙突剣,てんがとつけん,アイテム合成,[+130]命中精度アップ　[+4]追加ダメージ　[+5%]必殺威力の増減(%)　[武器]近距離攻撃,"1,800,000GP",40,158,,,,,4.0,0.9,,,
32,細剣,レア2,6,魔王の爪,まおうのつめ,魔性の森の地下,知恵+1　[+130]命中精度アップ　[+4]追加ダメージ　[20%]魔法攻撃力→命中精度　[武器]近距離攻撃,"2,000,000GP",50,100,,,50,,4.0,0.9,,,50
33,細剣,レア2,7,,,,,,,,,,,,,,,,
34,細剣,レア2,8,九尾の鞭,きゅうびのむち,アイテム合成,体力+1　[+4]攻撃回数アップ　[才能]必殺率　[武器]近距離攻撃,"2,000,000GP",21,177,,,,,,0.8,,,
35,細剣,レア2,9,,,,,,,,,,,,,,,,
36,細剣,レア2,10,白銀に輝く神剣,はくぎんにかがやくしんけん,アイテム合成,[+170]命中精度アップ　[+9]追加ダメージ　[+5%]アイテム獲得+　[1.05]名称付き　[+5%]攻撃威力の増減(%)　[武器]近距離攻撃,"2,500,000GP",48,240,38,37,,38,10.0,2.4,75,,
37,細剣,レア2,11,クイーンビュート※女性専用,くいーんびゅーと※じょせいせんよう,アイテム合成,精神+1　運+1　[+5]攻撃回数アップ　[才能]命中精度　[15%]魔法回復量→命中精度　[武器]近距離攻撃,"3,000,000GP",15,155,,,,,,0.8,,,
38,細剣,レア2,12,,,,,,,,,,,,,,,,
39,細剣,レア2,13,断罪のサーベル,だんざいのさーべる,アイテム合成,力+1　体力+1　[+150]命中精度アップ　[+5]追加ダメージ　[武器]近距離攻撃,"3,500,000GP",64,158,,,,,4.0,1.8,,,
40,細剣,レア2,14,,,,,,,,,,,,,,,,
41,細剣,レア2,15,,,,,,,,,,,,,,,,
42,細剣,レア2,16,次元ナイフ,じげんないふ,アイテム合成,[+190]命中精度アップ　[+11]追加ダメージ　[+6%]攻撃威力の増減(%)　[+8%]必殺威力の増減(%)　[武器]近距離攻撃,"3,000,000GP",89,99,,,,,10.0,1.8,,,
43,細剣,ナックル,1,カイザーナックル,かいざーなっくる,,[1.2倍]格闘1.2倍　[+20]攻撃力アップ　[武器]近距離攻撃,"5,000GP",,30,,,,,8.0,0.3,,,
44,細剣,ナックル,2,ドラゴンナックル,どらごんなっくる,,[1.3倍]格闘1.3倍　[+30]攻撃力アップ　[武器]近距離攻撃,"25,000GP",,40,,,,,8.0,0.3,,,
45,細剣,ナックル,3,ギガントナックル,ぎがんとなっくる,川沿い伝説の霧の森,[1.4倍]格闘1.4倍　[+40]攻撃力アップ　[武器]近距離攻撃,"500,000GP",,95,,,,,8.0,0.6,,,
46,細剣,ナックル,4,バーバリアンナックル,ばーばりあんなっくる,アイテム合成,[1.4倍]格闘1.4倍　[1.2倍]格闘1.2倍　[+40]攻撃力アップ　[武器]近距離攻撃,"1,000,000GP",,125,,,,,8.0,0.6,,,
47,細剣,ナックル,5,マスターナックル,ますたーなっくる,レバノンの森,[1.1倍]格闘1.1倍　[1.3倍]格闘1.3倍　[1.5倍]格闘1.5倍　[+50]攻撃力アップ　[武器]近距離攻撃,"1,800,000GP",,180,,,,,8.0,0.6,,,
48,細剣,投擲,1,含み針,ふくみはり,廃墟,[+50]命中精度アップ　[+1]追加ダメージ　[+4]追加ダメージ　[追加]眠り攻撃　[武器]遠距離攻撃,"20,000GP",10,30,,,,,,0.5,,,
49,細剣,投擲,2,手裏剣,しゅりけん,魔性の平原伝説の森林魔性の大森林の決戦空中遺跡,[+50]命中精度アップ　[+2]追加ダメージ　[+5]追加ダメージ　[戦術]先制攻撃　[武器]遠距離攻撃,"50,000GP",20,40,,,,,,0.5,,,
50,細剣,投擲,3,十字手裏剣,じゅうじしゅりけん,伝説の森林アジト,[+50]命中精度アップ　[+3]追加ダメージ　[+6]追加ダメージ　[武器]遠距離攻撃,"100,000GP",40,55,,,,,,0.5,,,
51,細剣,投擲,4,風魔手裏剣,ふうましゅりけん,盗賊迎撃戦,[+50]命中精度アップ　[+7]追加ダメージ　[武器]遠距離攻撃,"550,000GP",55,72,,,,,,0.5,,,
52,細剣,投擲,5,チャクラム,ちゃくらむ,伝説の帝都防衛戦,[+50]命中精度アップ　[+8]追加ダメージ　[+5%]必殺威力の増減(%)　[武器]遠距離攻撃,"980,000GP",50,88,,,,,,0.5,,,
53,細剣,投擲,6,チェイサーナイフ,ちぇいさーないふ,コロシアム,[+50]命中精度アップ　[+9]追加ダメージ　[才能]命中精度　[+6%]必殺威力の増減(%)　[武器]遠距離攻撃,"800,000GP",24,95,,,,,,0.5,,,
54,細剣,投擲,7,黄泉の戦輪,よみのせんりん,,[+50]命中精度アップ　[+10]追加ダメージ　[才能]攻撃力　[+7%]必殺威力の増減(%)　[武器]遠距離攻撃,"1,000,000GP",55,75,,,,,,0.5,,,
55,細剣,投擲,8,,,,,,,,,,,,,,,,
56,細剣,投擲,9,金剛円月輪,こんごうえんげつりん,黄山,[+50]命中精度アップ　[+12]追加ダメージ　[+8%]攻撃威力の増減(%)　[+9%]必殺威力の増減(%)　[武器]遠距離攻撃,"1,800,000GP",90,99,,,,,,0.5,75,,
57,細剣,投擲,10,,,,,,,,,,,,,,,,
58,剣,ノーマル,1,ロングソード,ろんぐそーど,,[3%]防御力→HP　[武器]近距離攻撃,100GP,16,6,4,,,,,-0.2,,,
59,剣,ノーマル,2,ミスリルソード,みすりるそーど,,[4%]防御力→HP　[武器]近距離攻撃,500GP,24,9,6,,,,,-0.2,,,
60,剣,ノーマル,3,ロイヤルソード,ろいやるそーど,,[5%]防御力→HP　[武器]近距離攻撃,"2,500GP",32,12,8,,,,,-0.2,,,
61,剣,ノーマル,4,カイザーソード,かいざーそーど,,[6%]防御力→HP　[武器]近距離攻撃,"12,500GP",48,18,10,,,,,-0.2,,,
62,剣,ノーマル,5,エンシェントソード,えんしぇんとそーど,,[7%]防御力→HP　[武器]近距離攻撃,"60,000GP",64,24,12,,,,,-0.2,,,
63,剣,ノーマル,6,,,,,,,,,,,,,,,,
64,剣,ノーマル,7,,,,,,,,,,,,,,,,
65,剣,ノーマル,8,,,,,,,,,,,,,,,,
66,剣,レア1,1,ナイトソード,ないとそーど,森林,[才能]攻撃力　[武器]近距離攻撃,"20,000GP",22,10,,,,,,,,,
67,剣,レア1,2,ニンジャソード,にんじゃそーど,湿地,[才能]必殺率　[武器]近距離攻撃,"20,000GP",15,20,,,,,7.0,,,,
68,剣,レア1,3,マスターソード,ますたーそーど,平原,[才能]命中精度　[+130]命中精度アップ　[武器]近距離攻撃,"20,000GP",20,30,,,,,,,,,
69,剣,レア1,4,クリティカルソード,くりてぃかるそーど,アイテム合成,[才能]必殺率　[才能]命中精度　[3%]防御力→HP　[武器]近距離攻撃,"500,000GP",18,22,,,,,5.0,-0.3,,,
70,剣,レア1,5,クルセイダーソード,くるせいだーそーど,アイテム合成,[才能]攻撃力　[才能]攻撃回数　[4%]防御力→HP　[武器]近距離攻撃,"500,000GP",48,18,18,,,,,-0.3,,,
71,剣,レア1,6,アサシンダガー,あさしんだがー,エルフの森,[1.6倍]人型に特効　[武器]近距離攻撃,"10,000GP",20,10,,,,,,,,,
72,剣,レア1,7,モンスターキラー,もんすたーきらー,廃墟,[1.6倍]魔物に特効　[武器]近距離攻撃,"10,000GP",20,10,,,,,,,,,
73,剣,レア1,8,アンデッドキラー,あんでっどきらー,湿地,[1.6倍]不死に特効　[武器]近距離攻撃,"10,000GP",20,10,,,,,,,,,
74,剣,レア1,9,ドラゴンキラー,どらごんきらー,大盗賊団,[1.6倍]竜族に特効　[武器]近距離攻撃,"10,000GP",20,10,,,,,,,,,
75,剣,レア1,10,ゴッドキラー,ごっどきらー,廃墟,[1.6倍]神魔に特効　[武器]近距離攻撃,"10,000GP",20,10,,,,,,-0.6,,,
76,剣,レア1,11,キルソード,きるそーど,伝説のアマゾネス領アイテム合成,[1.6倍]人型に特効　[武器]近距離攻撃,"820,000GP",50,30,,,,,,-0.7,,,
77,剣,レア1,12,勇者の剣,ゆうしゃのけん,魔性の迷いの森伝説のネア湖,[1.6倍]魔物に特効　[武器]近距離攻撃,"820,000GP",50,30,,,,,,-0.7,,,
78,剣,レア1,13,テンプルソード,てんぷるそーど,アイテム合成,[1.6倍]不死に特効　[武器]近距離攻撃,"820,000GP",50,30,,,,,,-0.7,,,
79,剣,レア1,14,ルミナスソード,るみなすそーど,黒雲山,[1.6倍]竜族に特効　[武器]近距離攻撃,"1,600,000GP",80,40,,,,,,-0.7,50,,
80,剣,レア1,15,神殺しの剣,かみごろしのけん,レバノンの森伝説の森の地下アイテム合成,[1.6倍]神魔に特効　[武器]近距離攻撃,"2,000,000GP",100,50,,,,,,-2.0,50,,
81,剣,レア2,1,ファルシオン,ふぁるしおん,魔性の森林伝説の帝都防衛戦,[1%]防御力→HP　[武器]近距離攻撃,"40,000GP",50,27,15,,,,3.0,-0.3,30,,
82,剣,レア2,2,フランベルジュ,ふらんべるじゅ,魔性の森林魔性のローズウェル傭兵団,[1%]防御力→HP　[武器]近距離攻撃,"40,000GP",51,26,15,,,,3.0,-0.3,30,,
83,剣,レア2,3,バスタードソード,ばすたーどそーど,魔性の森林ラルバ遺跡,[1%]防御力→HP　[武器]近距離攻撃,"40,000GP",52,28,15,,,,3.0,-0.3,30,,
84,剣,レア2,4,クレイモア,くれいもあ,魔性の森林呂布戦,[1%]防御力→HP　[武器]近距離攻撃,"40,000GP",53,24,15,,,,3.0,-0.3,30,,
85,剣,レア2,5,グレートソード,ぐれーとそーど,魔性の森林魔性のローズウェル傭兵団,[1%]防御力→HP　[武器]近距離攻撃,"40,000GP",55,23,15,,,,3.0,-0.3,30,,
86,剣,レア2,6,ディフェンダー,でぃふぇんだー,アイテム合成,[-5%]物理ダメージ軽減(%)　[+4%]必殺威力の増減(%)　[+3%]攻撃威力の増減(%)　[武器]近距離攻撃,"750,000GP",60,35,40,30,,,,-0.5,45,,
87,剣,レア2,7,フレイムタン,ふれいむたん,アイテム合成,[1.2倍]ファイヤーボール　[+4%]必殺威力の増減(%)　[+3%]攻撃威力の増減(%)　[武器]近距離攻撃,"750,000GP",55,38,,,55,,,-0.5,45,,
88,剣,レア2,8,アイスブランド,あいすぶらんど,アイテム合成,[1.2倍]ブリザード　[+4%]必殺威力の増減(%)　[+3%]攻撃威力の増減(%)　[武器]近距離攻撃,"750,000GP",60,35,,,60,,,-0.5,45,,
89,剣,レア2,9,オートクレール,おーとくれーる,アイテム合成,[習得]アタックアップ　[+4%]必殺威力の増減(%)　[+3%]攻撃威力の増減(%)　[武器]近距離攻撃,"750,000GP",100,42,,,,,,-0.5,60,,
90,剣,レア2,10,雷神剣,らいじんけん,アイテム合成,[1.2倍]サンダーボルト　[+4%]必殺威力の増減(%)　[+3%]攻撃威力の増減(%)　[武器]近距離攻撃,"1,500,000GP",85,30,,,85,,,-0.5,45,,
91,剣,レア2,11,捨て身の剣,すてみのけん,魔性の川沿い魔性のレバノンの森,[弱点]攻撃に弱い　[武器]近距離攻撃,"250,000GP",88,30,,,,,3.0,-0.3,,,
92,剣,レア2,12,盲人の呪剣,もうじんのじゅけん,伝説の姥捨山伝説の黒雲山伝説のクロノス神殿,[無能]命中精度　[武器]近距離攻撃,"250,000GP",88,30,,,,,3.0,-0.3,,,
93,剣,レア2,13,狂戦士の魔剣,きょうせんしのまけん,魔性の古館伝説のローズウェル傭兵団伝説のマレフィムの丘伝説のファミリアの町,[無能]防御力　[武器]近距離攻撃,"250,000GP",88,30,,,,,3.0,-0.3,,,
94,剣,レア2,14,仁王の剣,におうのけん,伝説の山道,[無能]回避能力　[武器]近距離攻撃,"250,000GP",88,30,,,,,3.0,-0.3,,,
95,剣,レア2,15,七光りの剣,ななひかりのけん,伝説のエルフの森,[0.66]獲得経験値　[武器]近距離攻撃,"250,000GP",88,30,,,,,3.0,-0.3,,,
96,剣,レア2,16,不死者の剣,ふししゃのけん,魔性のマチェス遺跡魔性のサイボーグ研究所魔性の霧の森,[無能]最大HP　[武器]近距離攻撃,"250,000GP",88,30,,,,,3.0,-0.3,,,
97,剣,レア3,1,魔剣,まけん,廃墟,[8%]吸収能力Lv2　[-20%]攻撃威力の増減(%)　[武器]近距離攻撃,"200,000GP",10,-99,,,,,,-2.1,,,
98,剣,レア3,2,草薙の剣,くさなぎのけん,山道,[2%]防御力→HP　[武器]近距離攻撃,"120,000GP",60,30,,,,,3.0,-0.5,,,
99,剣,レア3,3,竜牙の長剣,りゅうがのちょうけん,伝説の廃墟伝説の黄山,[2%]防御力→HP　[武器]近距離攻撃,"240,000GP",87,35,25,20,,,3.0,-0.5,,,
100,剣,レア3,4,パラディンソード,ぱらでぃんそーど,姥捨山魔性の帝都防衛戦,[2%]防御力→HP　[武器]近距離攻撃,"480,000GP",80,35,40,,,,3.0,-0.5,,,
101,剣,レア3,5,特注の大剣,とくちゅうのたいけん,魔性の大盗賊団魔性のローズウェル傭兵団大平原,[2%]防御力→HP　[武器]近距離攻撃,"360,000GP",84,-45,,-30,,,3.0,-1.2,,,
102,剣,レア3,6,トゥハンドソード,とぅはんどそーど,伝説のホルン遺跡,[2%]防御力→HP　[武器]近距離攻撃,"720,000GP",110,-30,,,,,3.0,-1.2,,,
103,剣,レア3,7,マジックソード,まじっくそーど,魔性の廃墟盗賊迎撃戦魔性のクロノス神殿死神の遺跡,[+30]魔法攻撃力アップ　[+1%]魔法威力の増減(%)　[武器]近距離攻撃,"150,000GP",25,20,,,25,,3.0,,,,
104,剣,レア3,8,マジックソード改,まじっくそーどかい,魔性の湿地伝説のシュケルプ湖魔性の盗賊迎撃戦,[+50]魔法攻撃力アップ　[+2%]魔法威力の増減(%)　[武器]近距離攻撃,"300,000GP",40,20,,,40,,3.0,,,,
105,剣,レア3,9,アンバーソード,あんばーそーど,マレフィムの丘,[5%]防御力→HP　[+1]攻撃回数アップ　[武器]近距離攻撃,"250,000GP",64,24,18,,,18,,-0.3,,,
106,剣,レア3,10,ブレイブブレイド,ぶれいぶぶれいど,伝説のアマゾネス領黄金宮殿,[2%]防御力→HP　[x1.5]打ち合い　[武器]近距離攻撃,"680,000GP",50,30,20,,,,3.0,-1.3,,,
107,剣,レア3,11,ギガントブレイド,ぎがんとぶれいど,伝説の黄山黄金宮殿魔性のマレフィムの丘魔性のファミリアの町,[2%]防御力→HP　[武器]近距離攻撃,"720,000GP",144,-110,,-64,,,3.0,-2.0,,,
108,剣,レア3,12,闇討ちの剣,やみうちのけん,黄山,[+9%]必殺威力の増減(%)　[武器]近距離攻撃,"780,000GP",33,89,,,,,7.0,0.7,,,
109,剣,レア3,13,ホーリーソード,ほーりーそーど,魔性のクロノス神殿,[+70]魔法攻撃力アップ　[+70]魔法回復量アップ　[+3%]魔法威力の増減(%)　[武器]近距離攻撃,"600,000GP",45,30,,,45,,3.0,,,,45
110,剣,レア3,14,,,,,,,,,,,,,,,,
111,剣,レア3,15,ハイランダーソード,はいらんだーそーど,魔獣の森,[2%]防御力→HP　[武器]近距離攻撃,"820,000GP",100,,,,,,4.0,-1.3,60,,
112,剣,レア3,16,傭兵の大剣,ようへいのたいけん,アイテム合成,[2%]防御力→HP　[武器]近距離攻撃,"820,000GP",120,,,,,,5.0,-1.7,100,,
113,剣,レア3,17,赤竜の剣,せきりゅうのけん,アイテム合成,[2%]防御力→HP　[1.3倍]竜族に特効　[武器]近距離攻撃,"820,000GP",90,44,,,,,3.0,-1.3,40,,
114,剣,レア3,18,阿修羅の剣,あしゅらのけん,,[+2%]攻撃威力の増減(%)　[+3%]必殺威力の増減(%)　[武器]近距離攻撃,"980,000GP",99,60,,,,,3.0,-0.6,,,
115,剣,レア3,19,トリプルソード,とりぷるそーど,竜の狩り場,[6%]防御力→HP　[+2]攻撃回数アップ　[武器]近距離攻撃,"750,000GP",96,48,20,,,,,-0.4,,,
116,剣,レア3,20,天竜剣,てんりゅうけん,空中遺跡,[2%]防御力→HP　[武器]近距離攻撃,"1,500,000GP",127,67,37,27,,,3.0,-0.9,,,
117,剣,レア3,21,巨大剣,きょだいけん,魔性のヒドラ火山,[戦術]重装　[1.3倍]魔物に特効　[+18%]必殺威力の増減(%)　[武器]近距離攻撃,"3,500,000GP",-77,-198,112,-144,-77,,3.0,-2.8,,,
118,剣,レア3,22,王家の長剣,おうけのちょうけん,伝説の魔獣の森魔性の竜の狩り場,[+5%]アイテム獲得+　[武器]近距離攻撃,"740,000GP",22,35,25,22,22,25,3.0,-0.4,60,,28
119,剣,レア3,23,,,,,,,,,,,,,,,,
120,剣,レア3,24,,,,,,,,,,,,,,,,
121,剣,レア3,25,ゴッズボルボソード,ごっずぼるぼそーど,アイテム合成,力+1　敏捷+1　[1.60]獲得経験値　[+11%]必殺威力の増減(%)　[最大+10]必殺率最大値上昇　[武器]近距離攻撃,"1,800,000GP",155,80,,,,,3.0,-1.3,,,
122,剣,レア3,26,悪魔将軍の剣※男性専用,あくましょうぐんのけん※だんせいせんよう,森の地下,[最大+5]必殺率最大値上昇　[武器]近距離攻撃,"1,800,000GP",110,38,45,30,,45,3.0,-0.5,,,
123,剣,レア3,27,デビルソード,でびるそーど,魔性の死神の遺跡,[7%]防御力→HP　[+3]攻撃回数アップ　[武器]近距離攻撃,"1,200,000GP",128,48,36,,,,,-0.6,,,
124,剣,レア4,1,プリンセスソード※女性専用,ぷりんせすそーど※じょせいせんよう,魏王宮,力+1　運+1　[1.40]獲得経験値　[1.20]アイテム獲得倍増　[10%]魔法回復量→HP　[武器]近距離攻撃,"2,000,000GP",110,70,60,60,,,3.0,-0.7,30,,70
125,剣,レア4,2,,,,,,,,,,,,,,,,
126,剣,レア4,3,,,,,,,,,,,,,,,,
127,剣,レア4,4,麒麟の剣,きりんのけん,黄山,敏捷+1　[+5]攻撃回数アップ　[+130]回避能力アップ　[+110]魔法防御力アップ　[武器]近距離攻撃,"1,800,000GP",77,177,,,,,3.0,-0.2,,,
128,剣,レア4,5,名剣バルムンク,めいけんばるむんく,魔性のコロシアム,力+1　敏捷+1　[才能]攻撃回数　[+10]追加ダメージ　[1.20]アイテム獲得倍増　[+11%]攻撃威力の増減(%)　[+170]命中精度アップ　[武器]近距離攻撃,"2,000,000GP",150,100,,,,,3.0,-0.2,50,,
129,剣,レア4,6,,,,,,,,,,,,,,,,
130,剣,レア4,7,デスブリンガー,ですぶりんがー,アイテム合成,[8%]吸収能力Lv2　[武器]近距離攻撃,"2,100,000GP",99,-198,,,,,3.0,-2.4,,,
131,剣,レア4,8,,,,,,,,,,,,,,,,
132,剣,レア4,9,皆殺しの剣,みなごろしのけん,霧の森,力+1　知恵+1　[弱点]攻撃に弱い　[1.3倍]人型に特効　[10%]魔法攻撃力→攻撃力　[武器]近距離攻撃,"2,700,000GP",255,100,-100,,,,7.0,-1.3,,,
133,剣,レア4,10,ブリュンヒルドの剣※女性専用,ぶりゅんひるどのけん※じょせいせんよう,アイテム合成,精神+1　体力+1　[耐性]眠り耐性　[+10%]必殺威力の増減(%)　[武器]近距離攻撃,"2,200,000GP",100,70,70,,,70,3.0,-0.7,70,,100
134,剣,レア4,11,ヴァルキリーソード※女性専用,う゛ぁるきりーそーど※じょせいせんよう,アマゾネス領,精神+1　敏捷+1　[x2.0]勇猛果敢　[武器]近距離攻撃,"2,500,000GP",170,75,75,,,,3.0,-0.7,,,
135,剣,レア4,12,ミラクルソード,みらくるそーど,アマゾネス領,敏捷+1　運+1　[2/3]クリティカル・ガード　[武器]近距離攻撃,"3,000,000GP",110,110,40,40,,,3.0,-0.6,,,
136,剣,レア4,13,龍王の剣,りゅうおうのけん,氷雷山（頂上）,[才能]攻撃力　[+3]攻撃回数アップ　[1.25]名称付き　[+20%]攻撃威力の増減(%)　[武器]近距離攻撃,"1,900,000GP",100,60,,,100,,3.0,-0.9,,,200
137,剣,レア4,14,オメガパーツ『剣』,おめがぱーつけん,伝説の迷いの森,力+2　[10%]防御力→HP　[10%]魔法回復量→命中精度　[人間Lv50]学習能力(経験値1.6倍)　[弱点]サンダーボルト　[戦術]重装　[武器]近距離攻撃,"2,500,000GP",300,180,180,,,,,2.0,,,
138,剣,レア4,15,ヴォーパルソード,う゛ぉーぱるそーど,レバノンの森,[8%]防御力→HP　[才能]必殺率　[+4]攻撃回数アップ　[武器]近距離攻撃,"2,800,000GP",192,72,48,,,,,-0.9,,,
139,剣,レア4,16,覇者の剣,はしゃのけん,レバノンの森黄金宮殿,知恵+1　精神+1　敏捷+1　[+4]攻撃回数アップ　[+11%]攻撃威力の増減(%)　[最大50]必殺率最大値　[10%]ガード戦術　[武器]近距離攻撃,"3,500,000GP",300,200,,,,,3.0,-1.3,,,
140,剣,レア4,17,,,,,,,,,,,,,,,,
141,剣,レア4,18,建御雷神剣,たけみかづちのかみ,伝説の鳥居,力+2　知恵+1　精神+1　体力+2　敏捷+1　運+1　[武器]近距離攻撃,"10,000,000GP",255,255,,,255,,3.0,-1.4,255,,
142,剣,魔法剣（魔法使い系）,1,魔法の剣,まほうのけん,湿地魔性の古館竜の谷魔性のマレフィムの丘,[習得]マジックアロー　[武器]近距離攻撃,"20,000GP",20,20,,,20,,3.0,-0.5,,,
143,剣,魔法剣（魔法使い系）,2,眠りの剣,ねむりのけん,森林魔性のマチェス遺跡魔性の湖底遺跡クロノス神殿魔性のネア湖,[習得]スリープクラウド　[武器]近距離攻撃,"30,000GP",25,20,,,25,,3.0,-0.5,,,
144,剣,魔法剣（魔法使い系）,3,紅蓮の剣,ぐれんのけん,エルフの森黒雲山魏王宮,[習得]ファイヤーボール　[武器]近距離攻撃,"50,000GP",30,20,,,30,,3.0,-0.5,,,
145,剣,魔法剣（魔法使い系）,4,吹雪の剣,ふぶきのけん,森林氷雷山（中腹）迷いの森雪山の戦い,[習得]ブリザード　[武器]近距離攻撃,"80,000GP",35,20,,,35,,3.0,-0.5,,,
146,剣,魔法剣（魔法使い系）,5,軍神の剣,ぐんしんのけん,山道魔性の帝都防衛戦魔性の黒雲山魔性の黄金宮殿,[習得]アタックアップ　[武器]近距離攻撃,"120,000GP",40,20,,,40,,3.0,-0.5,,,
147,剣,魔法剣（魔法使い系）,6,稲妻の剣,いなづまのけん,魔性のエルフの森氷雷山（尾根）伝説の空中遺跡,[習得]サンダーボルト　[武器]近距離攻撃,"400,000GP",50,20,,,50,,3.0,-0.5,,,
148,剣,魔法剣（魔法使い系）,7,破壊の剣,はかいのけん,森の地下,[習得]ニュークリア　[武器]近距離攻撃,"999,999GP",60,20,,,60,,3.0,-0.5,,,
149,剣,魔法剣（僧侶系）,1,癒しの剣,いやしのけん,アジト魔性の盗賊迎撃戦魔性の魔獣の森,[習得]ヒール　[武器]近距離攻撃,"20,000GP",25,20,,,,,3.0,-0.5,,,40
150,剣,魔法剣（僧侶系）,2,守護の剣,しゅごのけん,姥捨山魔性の川沿い魔性の地下坑道,[習得]シールドバリア　[武器]近距離攻撃,"30,000GP",30,20,,,,,3.0,-0.5,,,45
151,剣,魔法剣（僧侶系）,3,妖精の剣,ようせいのけん,廃墟ホルン遺跡迷いの森,[習得]キュア　[武器]近距離攻撃,"50,000GP",35,20,,,,,3.0,-0.5,,,50
152,剣,魔法剣（僧侶系）,4,回復の剣,かいふくのけん,姥捨山魔性の氷雷山大森林の決戦魔性のネア湖鳥居アイテム合成,[習得]ヒールプラス　[武器]近距離攻撃,"80,000GP",40,20,,,,,3.0,-0.5,,,55
153,剣,魔法剣（僧侶系）,5,結界の剣,けっかいのけん,魔性のマチェス遺跡竜の谷伝説の死神の遺跡,[習得]マジックバリア　[武器]近距離攻撃,"120,000GP",45,20,,,,,3.0,-0.5,,,60
154,剣,魔法剣（僧侶系）,6,女神の剣,めがみのけん,伝説の大盗賊団ファミリアの町森の地下,[習得]フルヒール　[武器]近距離攻撃,"400,000GP",60,20,,,,,3.0,-0.5,,,75
155,剣,魔法剣（僧侶系）,7,神秘の剣,しんぴのけん,氷雷山（頂上）竜の狩り場伝説の森の地下,[習得]パーティヒール　[武器]近距離攻撃,"999,999GP",80,20,,,,,3.0,-0.5,,,95
156,剣,上級魔法剣（魔法使い系）,1,魔法剣『魔矢』,まほうけんまや,アイテム合成,[習得]マジックアロー　[1.3倍]マジックアロー　[武器]近距離攻撃,"50,000GP",30,,,,30,,-3.0,-0.7,,,
157,剣,上級魔法剣（魔法使い系）,2,魔法剣『幻夢』,まほうけんげんむ,アイテム合成,[習得]スリープクラウド　[武器]近距離攻撃,"80,000GP",35,,,,35,,-3.0,-0.7,,,
158,剣,上級魔法剣（魔法使い系）,3,魔法剣『紅蓮』,まほうけんぐれん,アイテム合成,[習得]ファイヤーボール　[1.3倍]ファイヤーボール　[武器]近距離攻撃,"100,000GP",40,,,,40,,-3.0,-0.7,,,
159,剣,上級魔法剣（魔法使い系）,4,魔法剣『吹雪』,まほうけんふぶき,アイテム合成,[習得]ブリザード　[1.3倍]ブリザード　[武器]近距離攻撃,"150,000GP",45,,,,45,,-3.0,-0.7,,,
160,剣,上級魔法剣（魔法使い系）,5,魔法剣『軍神』,まほうけんぐんしん,アイテム合成,[習得]アタックアップ　[武器]近距離攻撃,"250,000GP",50,,,,50,,-3.0,-0.7,,,
161,剣,上級魔法剣（魔法使い系）,6,魔法剣『稲妻』,まほうけんいなづま,アイテム合成,[習得]サンダーボルト　[1.3倍]サンダーボルト　[武器]近距離攻撃,"800,000GP",60,,,,60,,-3.0,-0.7,,,
162,剣,上級魔法剣（魔法使い系）,7,魔法剣『破壊』,まほうけんはかい,アイテム合成,[習得]ニュークリア　[1.3倍]ニュークリア　[武器]近距離攻撃,"2,000,000GP",70,,,,70,,-3.0,-0.7,,,
163,剣,上級魔法剣（僧侶系）,1,魔法剣『癒し』,まほうけんいやし,アイテム合成,[習得]ヒール　[1.5倍]ヒール　[武器]近距離攻撃,"50,000GP",45,,20,,,,-3.0,-0.7,,,60
164,剣,上級魔法剣（僧侶系）,2,魔法剣『守護』,まほうけんしゅご,アイテム合成,[習得]シールドバリア　[武器]近距離攻撃,"80,000GP",50,,20,,,,-3.0,-0.7,,,65
165,剣,上級魔法剣（僧侶系）,3,魔法剣『妖精』,まほうけんようせい,アイテム合成,[習得]キュア　[武器]近距離攻撃,"100,000GP",50,,20,,,,-3.0,-0.7,,,70
166,剣,上級魔法剣（僧侶系）,4,魔法剣『回復』,まほうけんかいふく,アイテム合成,[習得]ヒールプラス　[1.5倍]ヒールプラス　[武器]近距離攻撃,"150,000GP",60,,20,,,,-3.0,-0.7,,,75
167,剣,上級魔法剣（僧侶系）,5,魔法剣『結界』,まほうけんけっかい,アイテム合成,[習得]マジックバリア　[武器]近距離攻撃,"250,000GP",65,,20,,,,-3.0,-0.7,,,80
168,剣,上級魔法剣（僧侶系）,6,魔法剣『女神』,まほうけんめがみ,アイテム合成,[習得]フルヒール　[武器]近距離攻撃,"800,000GP",85,,20,,,,-3.0,-0.7,,,95
169,剣,上級魔法剣（僧侶系）,7,魔法剣『神秘』,まほうけんしんぴ,アイテム合成,[習得]パーティヒール　[1.5倍]パーティヒール　[武器]近距離攻撃,"2,000,000GP",110,,20,,,,-3.0,-0.7,,,115
170,剣,守護剣,1,魔法使いの守護剣,まほうつかいのしゅごけん,伝説のシュケルプ湖伝説のホルン遺跡伝説の氷雷山（中腹）,知恵+1　[武器]近距離攻撃,"500,000GP",80,30,,,80,,3.0,-0.6,,,
171,剣,守護剣,2,僧侶の守護剣,そうりょのしゅごけん,伝説のアジト魔性の川沿い伝説の迷いの森,精神+1　[武器]近距離攻撃,"500,000GP",55,30,,,,,3.0,-0.6,,,120
172,剣,守護剣,3,戦士の守護剣,せんしのしゅごけん,伝説の山道伝説のマチェス遺跡魔性の氷雷山（中腹）伝説の迷いの森魔性の雪山の戦い,体力+1　[武器]近距離攻撃,"500,000GP",55,30,80,,,,3.0,-0.6,,,
173,剣,守護剣,4,忍者の守護剣,にんじゃのしゅごけん,伝説の森林魔性の古館伝説の迷いの森,敏捷+1　[武器]近距離攻撃,"500,000GP",55,30,,80,,,3.0,-0.6,,,
174,剣,守護剣,5,賢者の守護剣,けんじゃのしゅごけん,魔性の大盗賊団伝説の盗賊迎撃戦地下坑道黄金宮殿,運+1　[武器]近距離攻撃,"500,000GP",55,30,80,,,80,3.0,-0.6,,,
175,剣,守護剣,6,君主の守護剣,くんしゅのしゅごけん,伝説のエルフの森伝説の川沿い伝説の迷いの森魔性の森の地下,力+1　[武器]近距離攻撃,"500,000GP",55,30,,,,,3.0,-0.6,120,,
176,剣,守護剣,7,剣聖の守護剣,けんせいのしゅごけん,アイテム合成,敏捷+1　[武器]近距離攻撃,"500,000GP",55,110,,,,,3.0,-0.9,,,
177,剣,守護剣,8,侍の守護剣,さむらいのしゅごけん,アイテム合成,力+1　[武器]近距離攻撃,"500,000GP",135,30,,,,,3.0,-0.9,,,
178,剣,守護剣,9,王族の守護剣,おうぞくのしゅごけん,アイテム合成,運+1　[2.00]取得GP　[武器]近距離攻撃,"500,000GP",55,30,,,,,3.0,-0.9,,,
179,剣,守護剣,10,秘法剣士の守護剣,ひほうけんしのしゅごけん,アイテム合成,知恵+1　[2.00]獲得経験値　[0.50]獲得経験値　[武器]近距離攻撃,"500,000GP",30,50,20,20,30,20,3.0,-1.3,30,,40
180,剣,守護剣,11,神魔の守護剣,しんまのしゅごけん,アイテム合成,精神+1　体力+1　運+1　[2.00]取得GP　[武器]近距離攻撃,"5,000,000GP",40,70,40,40,40,40,3.0,-2.0,60,,60
181,刀,ノーマル,1,日本刀,にほんとう,,[+4%]攻撃威力の増減(%)　[+15]必殺率アップ　[武器]近距離攻撃,"2,000GP",30,10,,,,,,-1.8,,,
182,刀,ノーマル,2,名刀コテツ,めいとうこてつ,,[+5%]攻撃威力の増減(%)　[+15]必殺率アップ　[武器]近距離攻撃,"10,000GP",45,15,,,,,,-1.8,,,
183,刀,ノーマル,3,菊一文字,きくいちもんじ,,[+6%]攻撃威力の増減(%)　[+15]必殺率アップ　[武器]近距離攻撃,"50,000GP",60,20,,,,,,-1.8,,,
184,刀,ノーマル,4,国綱の太刀,くにつなのたち,,[+7%]攻撃威力の増減(%)　[+15]必殺率アップ　[武器]近距離攻撃,"250,000GP",95,30,,,,,,-2.6,,,
185,刀,ノーマル,5,,,,,,,,,,,,,,,,
186,刀,ノーマル,6,,,,,,,,,,,,,,,,
187,刀,ノーマル,7,,,,,,,,,,,,,,,,
188,刀,ノーマル,8,,,,,,,,,,,,,,,,
189,刀,レア1,1,木刀,ぼくとう,山道,[+1%]攻撃威力の増減(%)　[1.10]獲得経験値　[武器]近距離攻撃,100GP,10,10,,,,,-30.0,-1.0,,,
190,刀,レア1,2,長刀物干竿,ちょうとうものほしざお,魔性のアジト伝説の呂布戦,[+1%]攻撃威力の増減(%)　[戦術]先制攻撃　[戦術]燕返し　[武器]近距離攻撃,"150,000GP",25,60,,,,,,-0.3,,,
191,刀,レア1,3,斬馬刀,ざんばとう,湿地,[+2%]攻撃威力の増減(%)　[才能]攻撃力　[武器]近距離攻撃,"100,000GP",55,6,,,,,5.0,-1.8,30,,
192,刀,レア1,4,小烏丸,こがらすまる,魔性の姥捨山魔性の古館魔性の氷雷山魏王宮,[+2%]攻撃威力の増減(%)　[才能]回避能力　[武器]近距離攻撃,"200,000GP",77,24,,,,,,-1.0,30,,
193,刀,レア1,5,備前長船,びぜんおさふね,アジト伝説のシュケルプ湖魔性の魏王宮,[+2%]攻撃威力の増減(%)　[武器]近距離攻撃,"400,000GP",100,30,,,,,,-1.8,50,,
194,刀,レア1,6,大典太光世,おおでんたみつよ,シュケルプ湖魔性のラルバ遺跡,[+2%]攻撃威力の増減(%)　[武器]近距離攻撃,"800,000GP",130,40,,,,,,-1.8,60,,
195,刀,レア1,7,三日月宗近,みかづきむねちか,伝説のマチェス遺跡ローズウェル傭兵団,[+2%]攻撃威力の増減(%)　[武器]近距離攻撃,"1,200,000GP",165,40,,,,,,-2.6,80,,
196,刀,レア1,8,数珠丸恒次,じゅずまるつねつぐ,伝説の大平原アイテム合成,[+2%]攻撃威力の増減(%)　[武器]近距離攻撃,"1,500,000GP",180,45,,,,,,-3.4,90,,
197,刀,レア1,9,陸奥守吉行,むつのかみよしゆき,伝説の竜の狩り場アイテム合成,[+2%]攻撃威力の増減(%)　[武器]近距離攻撃,"1,500,000GP",195,45,,,,,,-3.4,100,,
198,刀,レア2,1,雷衝槍,らいしょうそう,伝説の大盗賊団,[+1%]攻撃威力の増減(%)　[弱点]サンダーボルト　[武器]近距離攻撃,"580,000GP",188,40,,,,,,-2.6,,,
199,刀,レア2,2,陽炎の刀,かげろうのかたな,帝都防衛戦,[+1%]攻撃威力の増減(%)　[弱点]ニュークリア　[武器]近距離攻撃,"640,000GP",192,50,,,,,,-2.6,,,
200,刀,レア2,3,武士の魂,ぶしのたましい,魔性の盗賊迎撃戦,[+3%]攻撃威力の増減(%)　[無能]攻撃回数　[武器]近距離攻撃,"1,200,000GP",200,30,,,,,,-2.6,,,
201,刀,レア2,4,魔獣の太刀,まじゅうのたち,竜の谷,[1.6倍]魔物に特効　[武器]近距離攻撃,"700,000GP",115,30,,,,,,-2.6,,,
202,刀,レア2,5,海竜の太刀,かいりゅうのたち,ネア湖,[+4%]攻撃威力の増減(%)　[武器]近距離攻撃,"400,000GP",90,30,,,,,,-2.6,,,
203,刀,レア2,6,氷竜の槍,ひょうりゅうのやり,アイテム合成,[+3%]攻撃威力の増減(%)　[+8]追加ダメージ　[1.3倍]ブリザード　[5%]攻撃力→HP　[武器]近距離攻撃,"1,800,000GP",225,70,100,,,100,,-3.2,,,
204,刀,レア2,7,竜人王の槍,りゅうじんおうのやり,竜の狩り場,力+1　[+5%]ブレス威力の増減(%)　[+150]防御力アップ　[5%]攻撃力→HP　[武器]近距離攻撃,"1,500,000GP",210,70,50,,,,,-2.6,,,
205,刀,レア2,8,方天画戟,ほうてんがげき,ラルバ遺跡呂布戦,[+11%]攻撃威力の増減(%)　[才能]必殺率　[1.20]アイテム獲得倍増　[武器]近距離攻撃,"2,000,000GP",320,120,,,,,,-3.4,,,
206,刀,レア2,9,聖なる槍,せいなるやり,アイテム合成,精神+1　[1.6倍]不死に特効　[才能]魔法防御力　[習得]マジックバリア　[+9]追加ダメージ　[武器]近距離攻撃,"2,800,000GP",220,80,50,,,,,-3.4,60,,120
207,刀,レア2,10,神獣の槍,しんじゅうのやり,アイテム合成,運+1　[+7%]攻撃威力の増減(%)　[武器]近距離攻撃,"2,500,000GP",285,90,,,,,,-3.4,,,
208,刀,レア2,11,ギルティランス,ぎるてぃらんす,アマゾネス領,力+1　敏捷+1　[+11%]攻撃威力の増減(%)　[弱点]魔法に弱い　[最大+10]必殺率最大値上昇　[武器]近距離攻撃,"5,000,000GP",390,210,70,,,70,,-3.4,,,
209,刀,レア3,1,獅子王刀,ししおうとう,魏王宮,敏捷+1　[+11%]攻撃威力の増減(%)　[才能]回避能力　[武器]近距離攻撃,"1,500,000GP",110,170,,90,,,,-2.6,,,
210,刀,レア3,2,鬼丸国綱,おにまるくにつな,魏王宮,力+1　[+11%]攻撃威力の増減(%)　[才能]攻撃力　[武器]近距離攻撃,"1,500,000GP",250,70,,,,,,-2.6,,,
211,刀,レア3,3,国護りの刀,くにまもりのかたな,アイテム合成,[+6%]攻撃威力の増減(%)　[武器]近距離攻撃,"1,800,000GP",200,60,150,,,,,-2.6,,,
212,刀,レア3,4,,,,,,,,,,,,,,,,
213,刀,レア3,5,,,,,,,,,,,,,,,,
214,刀,レア3,6,魔人の刀※男性専用,まじんのかたな※だんせいせんよう,アイテム合成,[+11%]攻撃威力の増減(%)　[1.6倍]人型に特効　[+4%]必殺威力の増減(%)　[習得]アタックアップ　[武器]近距離攻撃,"3,500,000GP",380,90,,,,,,-3.4,80,,
215,刀,レア3,7,,,,,,,,,,,,,,,,
216,刀,レア3,8,七支刀,しちしとう,鳥居,力+2　知恵+1　体力+2　[+17%]攻撃威力の増減(%)　[1.70]獲得経験値　[1.70]取得GP　[武器]近距離攻撃,"7,000,000GP",440,240,,,,,,-4.4,150,,
217,刀,レア4・斧系,1,バトルアクス,ばとるあくす,魔性の湿地,[+10%]攻撃威力の増減(%)　[戦術]待機攻撃　[武器]近距離攻撃,"160,000GP",60,-60,,-30,,,-3.0,-2.6,60,,
218,刀,レア4・斧系,2,グレートアクス,ぐれーとあくす,魔性のシュケルプ湖,[+10%]攻撃威力の増減(%)　[戦術]待機攻撃　[武器]近距離攻撃,"320,000GP",80,-80,,-40,,,-3.0,-2.6,80,,
219,刀,レア4・斧系,3,巨人の戦斧,きょじんのせんぷ,伝説の湿地,[+10%]攻撃威力の増減(%)　[戦術]待機攻撃　[武器]近距離攻撃,"640,000GP",100,-100,,-50,,,-3.0,-2.6,100,,
220,刀,レア4・斧系,4,一撃の魔斧,いちげきのまふ,マチェス遺跡魔性のローズウェル傭兵団魔性の大平原,[+10%]攻撃威力の増減(%)　[戦術]待機攻撃　[武器]近距離攻撃,"960,000GP",198,-198,,-60,,,-3.0,-2.6,120,,
221,刀,レア4・斧系,5,クロスハンマー,くろすはんまー,黒雲山,[才能]防御力　[武器]近距離攻撃,"800,000GP",245,-140,,-140,,,-3.0,-3.4,140,,
222,刀,レア4・斧系,6,チェーンソー,ちぇーんそー,伝説の黒雲山伝説のファミリアの町,[1.6倍]神魔に特効　[武器]近距離攻撃,"900,000GP",220,,,-100,,,-3.0,-6.6,,,
223,刀,レア4・斧系,7,竜砕きの斧,りゅうくだきのおの,アイテム合成,[1.6倍]竜族に特効　[武器]近距離攻撃,"1,000,000GP",180,-50,,-50,,,-3.0,-4.2,80,,
224,刀,レア4・斧系,8,原始の斧,げんしのおの,アイテム合成,[+10%]攻撃威力の増減(%)　[戦術]待機攻撃　[武器]近距離攻撃,"800,000GP",240,-180,,-80,,,-3.0,-2.6,140,,
225,刀,レア4・斧系,9,回復の斧,かいふくのおの,アイテム合成,[+10%]攻撃威力の増減(%)　[戦術]待機攻撃　[5%]回復能力Lv1　[武器]近距離攻撃,"800,000GP",150,-100,,,,,-3.0,-2.6,80,,150
226,刀,レア4・斧系,10,神威の大太刀,しんいのおおたち,魔性のレバノンの森伝説の大平原,[+15%]攻撃威力の増減(%)　[戦術]重装　[武器]近距離攻撃,"980,000GP",340,-120,,-100,,,-3.0,-2.6,80,,
227,刀,レア4・斧系,11,,,,,,,,,,,,,,,,
228,刀,レア4・斧系,12,,,,,,,,,,,,,,,,
229,刀,レア4・斧系,13,ヘラクレスの棍棒,へらくれすのこんぼう,コロシアム,体力+2　[+20%]攻撃威力の増減(%)　[戦術]待機攻撃　[武器]近距離攻撃,"5,000,000GP",400,-80,,,,,-3.0,-4.4,80,,
230,弓,ノーマル,1,ロングボウ,ろんぐぼう,,[+6%]必殺威力の増減(%)　[+30]命中精度アップ　[武器]遠距離攻撃,"1,000GP",20,8,,,,,,-0.6,,,
231,弓,ノーマル,2,ミスリルボウ,みすりるぼう,,[+7%]必殺威力の増減(%)　[+50]命中精度アップ　[武器]遠距離攻撃,"5,000GP",30,12,,,,,,-0.6,,,
232,弓,ノーマル,3,ロイヤルボウ,ろいやるぼう,,[+8%]必殺威力の増減(%)　[+70]命中精度アップ　[武器]遠距離攻撃,"25,000GP",45,16,,,,,,-0.6,,,
233,弓,ノーマル,4,カイザーボウ,かいざーぼう,,[+9%]必殺威力の増減(%)　[+90]命中精度アップ　[武器]遠距離攻撃,"125,000GP",60,24,,,,,,-0.6,,,
234,弓,ノーマル,5,エンシェントボウ,えんしぇんとぼう,,[+10%]必殺威力の増減(%)　[+110]命中精度アップ　[武器]遠距離攻撃,"500,000GP",90,32,,,,,,-0.6,,,
235,弓,ノーマル,6,,,,,,,,,,,,,,,,
236,弓,ノーマル,7,,,,,,,,,,,,,,,,
237,弓,ノーマル,8,,,,,,,,,,,,,,,,
238,弓,レア,1,マジックボウ,まじっくぼう,魔性の廃墟ホルン遺跡,[+3%]必殺威力の増減(%)　[+20]魔法攻撃力アップ　[才能]魔法攻撃力　[武器]遠距離攻撃,"100,000GP",40,30,,,40,,,-1.2,,,
239,弓,レア,2,大樹の弓,たいじゅのゆみ,魔性のエルフの森伝説のマチェス遺跡魔性の迷いの森,[+3%]必殺威力の増減(%)　[3%]全体回復Lv1　[武器]遠距離攻撃,"250,000GP",45,30,,,,,,-0.3,,,80
240,弓,レア,3,クイックボウ,くいっくぼう,伝説の氷雷山（尾根）伝説のレバノンの森伝説の雪山の戦い,[+3%]必殺威力の増減(%)　[戦術]シフトチェンジ　[武器]遠距離攻撃,"1,500,000GP",12,72,,,,,,-0.9,,,40
241,弓,レア,4,スナイパーボウ,すないぱーぼう,魔性の迷いの森,[+3%]必殺威力の増減(%)　[+100]命中精度アップ　[武器]遠距離攻撃,"750,000GP",10,90,,,,,,-0.3,,,40
242,弓,レア,5,クイーンボウ※女性専用,くいーんぼう※じょせいせんよう,魔性の地下坑道伝説のアマゾネス領魔性の黄金宮殿,精神+1　運+1　[+3%]必殺威力の増減(%)　[+7]追加ダメージ　[+10%]魔法威力の増減(%)　[武器]遠距離攻撃,"950,000GP",90,60,,,,,,-0.6,40,,40
243,弓,レア,6,エルブンボウ,えるぶんぼう,シュケルプ湖伝説の呂布戦,[+3%]必殺威力の増減(%)　[+4%]必殺威力の増減(%)　[才能]命中精度　[x2.0]追撃　[武器]遠距離攻撃,"980,000GP",80,110,,,,,,-1.3,40,,80
244,弓,レア,7,,,,,,,,,,,,,,,,
245,弓,レア,8,,,,,,,,,,,,,,,,
246,弓,レア,9,呂布の弓,りょふのゆみ,ラルバ遺跡呂布戦,敏捷+1　[+11%]必殺威力の増減(%)　[1.25]名称付き　[武器]遠距離攻撃,"1,200,000GP",135,80,,,,,,-0.6,120,,
247,弓,レア,10,与一の弓,よいちのゆみ,魏王宮,力+1　[+160]命中精度アップ　[戦術]高速行動　[武器]遠距離攻撃,"1,500,000GP",60,120,,,,,,-0.6,30,,40
248,弓,レア,11,黄金の弓,おうごんのゆみ,黄金宮殿,[+1%]必殺威力の増減(%)　[+2%]必殺威力の増減(%)　[+3%]必殺威力の増減(%)　[+4%]必殺威力の増減(%)　[+5%]必殺威力の増減(%)　[武器]遠距離攻撃,"1,200,000GP",100,60,,,,,,-0.9,30,,40
249,弓,レア,12,ガーンデーヴァ,がーんでーう゛ぁ,アマゾネス領,知恵+1　敏捷+1　[+140]命中精度アップ　[+4]攻撃回数アップ　[1.20]アイテム獲得倍増　[x2.0]追撃　[武器]遠距離攻撃,"3,500,000GP",170,170,,,,,,-0.6,40,,120
250,弓,レア,13,,,,,,,,,,,,,,,,
251,弓,特攻,1,キラーボウ,きらーぼう,魔性の湿地伝説の山道ローズウェル傭兵団魔性のコロシアム,[1.6倍]人型に特効　[+40]命中精度アップ　[武器]遠距離攻撃,"50,000GP",40,20,,,,,,-0.9,,,
252,弓,特攻,2,シルバーボウ,しるばーぼう,伝説のアジト帝都防衛戦魔性のコロシアム,[1.6倍]不死に特効　[+40]命中精度アップ　[武器]遠距離攻撃,"50,000GP",40,20,,,,,,-0.9,,,
253,弓,特攻,3,狩人の弓,かりゅうどのゆみ,魔性の湿地伝説の森林魔性のコロシアム,[1.6倍]魔物に特効　[+40]命中精度アップ　[武器]遠距離攻撃,"50,000GP",40,20,,,,,,-0.9,,,
254,弓,特攻,4,竜殺しの弓,りゅうごろしのゆみ,森林,[1.6倍]竜族に特効　[+40]命中精度アップ　[武器]遠距離攻撃,"50,000GP",40,20,,,,,,-0.9,,,
255,弓,特攻,5,ゴッドハンター,ごっどはんたー,森林伝説のコロシアム魔性の黄金宮殿,[1.6倍]神魔に特効　[+40]命中精度アップ　[武器]遠距離攻撃,"50,000GP",40,20,,,,,,-0.9,,,
256,弓,特攻,6,勇者の弓,ゆうしゃのゆみ,魔獣の森,[1.6倍]魔物に特効　[+80]命中精度アップ　[+2]攻撃回数アップ　[武器]遠距離攻撃,"500,000GP",60,60,,,,,,-0.6,60,,40
257,弓,特攻,7,黒竜の弓,こくりゅうのゆみ,アイテム合成,[1.6倍]人型に特効　[+80]命中精度アップ　[武器]遠距離攻撃,"1,050,000GP",100,30,,,,,,-1.4,100,,40
258,弓,特攻,8,天使の弓,てんしのゆみ,魔性のマレフィムの丘魔性のファミリアの町,[1.6倍]不死に特効　[+80]命中精度アップ　[3%]全体回復Lv1　[武器]遠距離攻撃,"1,200,000GP",55,55,,,,,,-0.9,70,,120
259,弓,特攻,9,摩天楼の弓,まてんろうのゆみ,伝説のレバノンの森,[1.6倍]神魔に特効　[+80]命中精度アップ　[+1]攻撃回数アップ　[+2%]攻撃威力の増減(%)　[武器]遠距離攻撃,"1,200,000GP",77,77,,,,,,-0.9,30,,40
260,弓,特攻,10,トリトンの弓,とりとんのゆみ,アイテム合成,[1.6倍]竜族に特効　[+80]命中精度アップ　[+11]追加ダメージ　[+100]防御力アップ　[武器]遠距離攻撃,"1,500,000GP",99,55,,,,,,-0.6,80,,40
261,弓,特攻,11,アルテミスの弓,あるてみすのゆみ,魔性のアマゾネス領,精神+1　敏捷+1　運+1　[+6%]必殺威力の増減(%)　[+7%]必殺威力の増減(%)　[+3]攻撃回数アップ　[1.20]アイテム獲得倍増　[1.6倍]不死に特効　[1.6倍]魔物に特効　[1.6倍]神魔に特効　[武器]遠距離攻撃,"4,000,000GP",220,140,,,,,,-0.6,80,,180
262,弓,速射,1,ボウガン,ぼうがん,魔性の平原,[+1%]必殺威力の増減(%)　[+60]命中精度アップ　[才能]回避能力　[武器]遠距離攻撃,"50,000GP",20,20,,,,,,0.3,,,
263,弓,速射,2,クロスボウ,くろすぼう,伝説の盗賊迎撃戦魔性の呂布戦,[+2%]必殺威力の増減(%)　[+80]命中精度アップ　[才能]必殺率　[武器]遠距離攻撃,"500,000GP",40,30,,,,,,0.4,,,
264,弓,速射,3,ロングクロスボウ,ろんぐくろすぼう,ノーム領,[+3%]必殺威力の増減(%)　[+100]命中精度アップ　[武器]遠距離攻撃,"800,000GP",80,60,,,,,,0.5,,,40
265,弓,速射,4,チェイサーボウガン,ちぇいさーぼうがん,ノーム領伝説の竜の狩り場,[+4%]必殺威力の増減(%)　[+120]命中精度アップ　[武器]遠距離攻撃,"1,200,000GP",100,80,,,,,,0.6,,,40
266,弓,速射,5,ミラクルボウ,みらくるぼう,魔性のラッキーラビット魔性のシルバーラビット,運+2　[+10%]必殺威力の増減(%)　[1.20]獲得経験値　[1/2]クリティカル・ガード　[武器]遠距離攻撃,"1,000,000GP",99,99,,,,,,0.6,99,,
267,弓,大弓,1,大弓,おおゆみ,湿地伝説の古館,[+5%]必殺威力の増減(%)　[才能]攻撃力　[+8]追加ダメージ　[武器]遠距離攻撃,"300,000GP",100,-40,,,,,-2.0,-2.1,,,
268,弓,大弓,2,アーバレスト,あーばれすと,山道伝説の川沿い伝説の大平原,[+5%]必殺威力の増減(%)　[才能]最大HP　[+9]追加ダメージ　[武器]遠距離攻撃,"500,000GP",150,-80,,,,,-2.0,-2.8,,,
269,弓,大弓,3,ハイランダーボウ,はいらんだーぼう,アイテム合成,[+5%]必殺威力の増減(%)　[才能]攻撃力　[+8]追加ダメージ　[武器]遠距離攻撃,"750,000GP",120,-20,,,,,-2.0,-1.4,40,,
270,弓,大弓,4,連弩,れんど,アマゾネス領伝説の魏王宮伝説の鳥居,[+5%]攻撃威力の増減(%)　[+5%]必殺威力の増減(%)　[+10]追加ダメージ　[武器]遠距離攻撃,"1,000,000GP",200,-100,,,,,-2.0,-2.8,60,,
271,弓,大弓,5,黒塗りの弓,くろぬりのゆみ,アイテム合成,[8%]吸収能力Lv2　[-20%]攻撃威力の増減(%)　[武器]遠距離攻撃,"680,000GP",30,-60,,,,,-5.0,-1.2,,,
272,弓,大弓,6,剛弓サジタリウス,ごうきゅうさじたりうす,伝説のレバノンの森,力+1　[+15%]必殺威力の増減(%)　[+11%]攻撃威力の増減(%)　[+17]追加ダメージ　[武器]遠距離攻撃,"1,500,000GP",300,-200,,,,,-2.0,-2.8,80,,
273,弓,大弓,7,ヘラクレスの弓,へらくれすのゆみ,コロシアム,力+1　体力+1　[+12%]必殺威力の増減(%)　[才能]最大HP　[武器]遠距離攻撃,"3,500,000GP",250,-40,,,,,,-0.9,50,,
274,弓,銃,1,,,,,,,,,,,,,,,,
275,弓,銃,2,短銃,たんじゅう,伝説の地下坑道伝説の魏王宮,[+16%]必殺威力の増減(%)　[+20]追加ダメージ　[戦術]重装　[無効]反撃無効　[戦術]先制攻撃　[2.0倍]精密射撃　[1.6倍]人型に特効　[武器]遠距離攻撃,"1,750,000GP",320,-100,,-180,,,10.0,-8.0,,,
276,弓,銃,3,長銃,ちょうじゅう,伝説の竜の谷,[+17%]必殺威力の増減(%)　[+20]追加ダメージ　[戦術]重装　[無効]反撃無効　[戦術]先制攻撃　[2.0倍]精密射撃　[1.6倍]人型に特効　[武器]遠距離攻撃,"3,500,000GP",480,-100,,-240,,,10.0,-12.0,,,
277,弓,銃,4,ロングライフル,ろんぐらいふる,魔性のクロノス神殿,[+18%]必殺威力の増減(%)　[+20]追加ダメージ　[戦術]重装　[無効]反撃無効　[戦術]先制攻撃　[2.0倍]精密射撃　[1.6倍]人型に特効　[武器]遠距離攻撃,"4,500,000GP",520,-100,,-240,,,10.0,-12.0,,,
278,弓,銃,5,バズーカ砲,ばずーかほう,伝説の死神の遺跡,[+19%]必殺威力の増減(%)　[+20]追加ダメージ　[戦術]重装　[無効]反撃無効　[戦術]先制攻撃　[2.0倍]精密射撃　[1.6倍]人型に特効　[武器]遠距離攻撃,"6,000,000GP",600,-100,,-240,,,10.0,-12.0,,,
279,鎧,ノーマル,1,アーマー,あーまー,,[-6%]物理ダメージ軽減(%),100GP,,,10,,,,-3.0,,15,,
280,鎧,ノーマル,2,ミスリルアーマー,みすりるあーまー,,[-7%]物理ダメージ軽減(%),500GP,,,15,,,,-3.0,,22,,
281,鎧,ノーマル,3,ロイヤルアーマー,ろいやるあーまー,,[-8%]物理ダメージ軽減(%),"2,500GP",,,20,,,,-3.0,,30,,
282,鎧,ノーマル,4,カイザーアーマー,かいざーあーまー,,[-9%]物理ダメージ軽減(%),"12,500GP",,,30,,,,-3.0,,40,,
283,鎧,ノーマル,5,エンシェントアーマー,えんしぇんとあーまー,,[-10%]物理ダメージ軽減(%),"60,000GP",,,40,,,,-3.0,,60,,
284,鎧,ノーマル,6,,,,,,,,,,,,,,,,
285,鎧,ノーマル,7,,,,,,,,,,,,,,,,
286,鎧,ノーマル,8,,,,,,,,,,,,,,,,
287,鎧,レア1,1,黒装束,くろしょうぞく,湿地サイボーグ研究所魔性の魏王宮,[-3%]物理ダメージ軽減(%)　[戦術]先制攻撃,"20,000GP",,,12,18,,12,5.0,,,,
288,鎧,レア1,2,暗殺者の服,あんさつしゃのふく,山道コロシアム,[-3%]物理ダメージ軽減(%),"50,000GP",,33,33,26,,33,8.0,,,,
289,鎧,レア1,3,舞姫の衣,まいひめのころも,伝説の湿地伝説のマチェス遺跡魔性の魏王宮,[-3%]物理ダメージ軽減(%),"125,000GP",,,40,50,,40,,,40,,40
290,鎧,レア1,4,ライトアーマー,らいとあーまー,伝説の湖底遺跡伝説のネア湖,[-3%]物理ダメージ軽減(%),"240,000GP",,,45,30,,,,,30,,
291,鎧,レア1,5,,,,,,,,,,,,,,,,
292,鎧,レア1,6,防刃の陣羽織,ぼうじんのじんばおり,アイテム合成,敏捷+1　[-3%]物理ダメージ軽減(%)　[+40]防御力アップ　　[4/5]貫通防御,"2,000,000GP",,,70,120,,,,,100,,
293,鎧,レア2,1,仁王の鎧,におうのよろい,魔性の盗賊迎撃戦魔性の黄山,[-4%]物理ダメージ軽減(%)　[無能]回避能力,"80,000GP",,,30,,,30,-3.0,,40,,
294,鎧,レア2,2,歴戦の鎧,れきせんのよろい,大盗賊団伝説のヒドラ火山,[-4%]物理ダメージ軽減(%),"120,000GP",,,45,,,45,-3.0,,40,,
295,鎧,レア2,3,パラディンアーマー,ぱらでぃんあーまー,魔性の山道魔性のラルバ遺跡,[-4%]物理ダメージ軽減(%),"240,000GP",30,,40,,,,-3.0,,40,,
296,鎧,レア2,4,大鱗の鎧,たいりんのよろい,伝説の川沿い魔性のネア湖,[-4%]物理ダメージ軽減(%),"420,000GP",,,55,,,,-3.0,,30,,
297,鎧,レア2,5,深紅の鎧,しんくのよろい,伝説の氷雷山（中腹）伝説の雪山の戦い,[-4%]物理ダメージ軽減(%)　[-5%]魔法ダメージ軽減(%),"420,000GP",,,50,,,50,-3.0,,80,,
298,鎧,レア2,6,クルセイダーアーマー,くるせいだーあーまー,マレフィムの丘ファミリアの町,[-4%]物理ダメージ軽減(%)　[+30]防御力アップ,"500,000GP",40,,58,,,,-3.0,,50,,
299,鎧,レア2,7,ボーンアーマー,ぼーんあーまー,死神の遺跡魔性のファミリアの町,[-4%]物理ダメージ軽減(%)　[+60]防御力アップ,"800,000GP",,,77,,,,-3.0,,77,,
300,鎧,レア2,8,,,,,,,,,,,,,,,,
301,鎧,レア2,9,源氏の鎧,げんじのよろい,魔性の魏王宮,体力+1　[-4%]物理ダメージ軽減(%)　[+70]防御力アップ　[才能]防御力　[+12]必殺率アップ,"2,000,000GP",,,55,,,55,,,155,,
302,鎧,レア2,10,ケブラーアーマー,けぶらーあーまー,伝説のラルバ遺跡伝説の呂布戦,[-4%]物理ダメージ軽減(%)　[+50]防御力アップ　[1/2]貫通防御,"3,500,000GP",,,80,35,,,-3.0,,80,,
303,鎧,レア2,11,黄金の鎧,おうごんのよろい,レバノンの森黄金宮殿,精神+1　運+1　[-4%]物理ダメージ軽減(%)　[+80]防御力アップ　[1.45]名称付き,"4,500,000GP",,,200,40,,,-3.0,,200,,
304,鎧,レア3,1,白銀の鎧,はくぎんのよろい,魔性の地下坑道,[-4%]物理ダメージ軽減(%),"420,000GP",,,75,,,,-3.0,,60,,
305,鎧,レア3,2,緑竜の鎧,りょくりゅうのよろい,アイテム合成,[-5%]物理ダメージ軽減(%)　[1.05]名称付き,"780,000GP",,,60,,,,-3.0,,70,,
306,鎧,レア3,3,銀竜の鎧,ぎんりゅうのよろい,氷雷山（尾根）伝説のネア湖,[-5%]物理ダメージ軽減(%)　[才能]防御力　[才能]魔法攻撃力,"1,600,000GP",,,50,30,,50,-3.0,,100,,
307,鎧,レア3,4,王家の鎧,おうけのよろい,伝説の地下坑道竜の狩り場伝説の黄金宮殿,[-5%]物理ダメージ軽減(%)　[+5%]アイテム獲得+,"800,000GP",35,22,52,40,35,52,-3.0,,110,,40
308,鎧,レア3,5,英雄の鎧,えいゆうのよろい,アイテム合成,力+1　精神+1　[-5%]物理ダメージ軽減(%)　[+90]防御力アップ　[10%]回復能力Lv2　[+10%]アイテム獲得+,"3,500,000GP",,,100,80,,100,-3.0,,160,,
309,鎧,レア3,6,,,,,,,,,,,,,,,,
310,鎧,レア4,1,勇者の鎧,ゆうしゃのよろい,魔性のヒドラ火山,[-6%]物理ダメージ軽減(%),"500,000GP",,,30,,,,-3.0,,30,,
311,鎧,レア4,2,ヒドラアーマー,ひどらあーまー,ヒドラ火山伝説の大平原,[-7%]物理ダメージ軽減(%),"600,000GP",,,35,,,,-3.0,,35,,
312,鎧,レア4,3,赤胴の鎧,せきどうのよろい,レバノンの森伝説の魏王宮,[-8%]物理ダメージ軽減(%),"700,000GP",,,40,,,,-3.0,,40,,
313,鎧,レア4,4,,,,,,,,,,,,,,,,
314,鎧,レア4,5,アークナイトアーマー,あーくないとあーまー,伝説の竜の狩り場,[-10%]物理ダメージ軽減(%),"1,500,000GP",,,70,,,,-3.0,,70,,
315,鎧,レア4,6,ファフニールの竜血,ふぁふにーるのりゅうけつ,魔性のコロシアム,体力+1　[-11%]物理ダメージ軽減(%),"2,000,000GP",,,99,,,,-3.0,,100,,
316,鎧,レア4,7,金竜の鎧,きんりゅうのよろい,アイテム合成,体力+2　[-12%]物理ダメージ軽減(%)　[抵抗]ファイヤーボール　[2/3]攻撃に強い,"5,000,000GP",,,180,50,,,-3.0,,120,,
317,鎧,レア4,8,冥界の鎧,めいかいのよろい,伝説のレバノンの森,力+1　体力+1　[-13%]物理ダメージ軽減(%)　[抵抗]ニュークリア,"6,000,000GP",,,80,80,,80,-3.0,,240,,
318,鎧,特殊,1,ミラーアーマー,みらーあーまー,アイテム合成,[2/3]魔法に強い,"420,000GP",,,40,,,40,-3.0,,40,,
319,鎧,特殊,2,ドラゴンメイル,どらごんめいる,アイテム合成,[2/3]ブレスに強い,"420,000GP",,,45,,,,-3.0,,70,,
320,鎧,特殊,3,ブルーメタルアーマー,ぶるーめたるあーまー,アイテム合成,[2/3]攻撃に強い,"680,000GP",,,80,,,,-3.0,,80,,
321,鎧,特殊,4,頑固な鎧,がんこなよろい,伝説の森林呂布戦,[0.75]獲得経験値,"200,000GP",,,50,20,,,-3.0,,40,,
322,鎧,特殊,5,機械の体,きかいのからだ,伝説のエルフの森伝説のホルン遺跡,[弱点]攻撃に弱い,"200,000GP",,,50,20,,,-3.0,,40,,
323,鎧,特殊,6,溶ける鎧,とけるよろい,盗賊迎撃戦魏王宮鳥居,[弱点]ブレスに弱い,"200,000GP",,,50,20,,,-3.0,,40,,
324,鎧,特殊,7,血塗られた鎧,ちぬられたよろい,伝説の姥捨山魔性の湖底遺跡,[弱点]魔法に弱い,"200,000GP",,,50,20,,,-3.0,,40,,
325,鎧,特殊,8,豪華な鎧,ごうかなよろい,帝都防衛戦ローズウェル傭兵団,[0.50]取得GP,"200,000GP",,,50,20,,,-3.0,,40,,
326,重鎧,ノーマル,1,フルプレート,ふるぷれーと,,[4/5]攻撃に強い　[+20]防御力アップ,400GP,,,20,-20,,,-4.0,,,,
327,重鎧,ノーマル,2,ミスリルプレート,みすりるぷれーと,,[4/5]攻撃に強い　[+30]防御力アップ,"2,000GP",,,30,-30,,,-4.0,,,,
328,重鎧,ノーマル,3,ロイヤルプレート,ろいやるぷれーと,,[4/5]攻撃に強い　[+40]防御力アップ,"10,000GP",,,40,-40,,,-4.0,,,,
329,重鎧,ノーマル,4,カイザープレート,かいざーぷれーと,,[4/5]攻撃に強い　[+50]防御力アップ,"50,000GP",,,55,-55,,,-4.0,,,,
330,重鎧,ノーマル,5,エンシェントプレート,えんしぇんとぷれーと,,[4/5]攻撃に強い　[+60]防御力アップ,"250,000GP",,,72,-72,,,-4.0,,,,
331,重鎧,ノーマル,6,,,,,,,,,,,,,,,,
332,重鎧,ノーマル,7,,,,,,,,,,,,,,,,
333,重鎧,ノーマル,8,,,,,,,,,,,,,,,,
334,重鎧,レア1,1,ナイトプレート,ないとぷれーと,魔性の姥捨山マチェス遺跡魔性のヒドラ火山,[4/5]攻撃に強い　[才能]防御力,"40,000GP",24,,24,-20,,24,-4.0,,,,
335,重鎧,レア1,2,ジャイアントプレート,じゃいあんとぷれーと,大盗賊団魔性の呂布戦伝説の森の地下,[4/5]攻撃に強い　[才能]最大HP,"80,000GP",,,38,-38,,,-4.0,,,,
336,重鎧,レア1,3,ロードプレート,ろーどぷれーと,アジト,[4/5]攻撃に強い　[5%]回復能力Lv1,"200,000GP",,,30,-30,,30,-4.0,,,,
337,重鎧,レア1,4,アイスプレート,あいすぷれーと,魔性の森林伝説のコロシアム,[4/5]攻撃に強い　[弱点]ファイヤーボール　[抵抗]ブリザード,"800,000GP",,,40,-30,,40,-4.0,,,,
338,重鎧,レア1,5,ファイヤープレート,ふぁいやーぷれーと,伝説の廃墟伝説の古館,[4/5]攻撃に強い　[弱点]ブリザード　[抵抗]ファイヤーボール,"800,000GP",,,40,-30,,40,-4.0,,,,
339,重鎧,レア1,6,十二単,じゅうにひとえ,伝説のラルバ遺跡伝説の霧の森,[4/5]攻撃に強い　[2/3]魔法に強い,"1,800,000GP",,,100,-400,,100,-4.0,,,,
340,重鎧,レア1,7,サンダープレート,さんだーぷれーと,アイテム合成,[4/5]攻撃に強い　[弱点]マジックアロー　[抵抗]サンダーボルト,"2,000,000GP",,,60,-80,,60,-4.0,,,,
341,重鎧,レア1,8,,,,,,,,,,,,,,,,
342,重鎧,レア1,9,サキュバススーツ※女性専用,さきゅばすすーつ※じょせいせんよう,アイテム合成,知恵+1　運+1　[4/5]攻撃に強い　[30%]魔法回復量→攻撃力　[-25%]混乱に強い,"3,500,000GP",,,88,-60,,,-4.0,,70,,100
343,重鎧,レア1,10,パワードスーツ,ぱわーどすーつ,伝説のクロノス神殿,力+1　体力+1　[4/5]攻撃に強い,"4,500,000GP",90,,80,-100,,80,-4.0,,,,
344,重鎧,レア2,1,合金の重鎧,ごうきんのじゅうよろい,魔性のエルフの森ラルバ遺跡魔性の竜の狩り場,[4/5]攻撃に強い,"320,000GP",,,90,-40,,,-4.0,,50,,
345,重鎧,レア2,2,重装甲鎧,じゅうそうこうよろい,魔性のシュケルプ湖魔性のホルン遺跡,[4/5]攻撃に強い,"480,000GP",,,30,-40,,30,-4.0,,,,
346,重鎧,レア2,3,ガーディアンプレート,がーでぃあんぷれーと,魔性の姥捨山ローズウェル傭兵団魔性のアマゾネス領,[4/5]攻撃に強い,"520,000GP",30,,120,-50,,,-4.0,,,,
347,重鎧,レア2,4,ダマスカスプレート,だますかすぷれーと,大盗賊団伝説の盗賊迎撃戦氷雷山（中腹）魔性の大平原雪山の戦い,[4/5]攻撃に強い,"640,000GP",,,140,-100,,,-4.0,,,,
348,重鎧,レア2,5,ジェネラルプレート,じぇねらるぷれーと,魔性の魔獣の森,[4/5]攻撃に強い,"720,000GP",20,,20,-60,,20,-4.0,,30,,
349,重鎧,レア2,6,亀の甲羅,かめのこうら,ネア湖,[4/5]攻撃に強い,"1,000,000GP",,,180,-150,,,-4.0,,,,
350,重鎧,レア2,7,フルメタルプレート,ふるめたるぷれーと,湖底遺跡伝説の空中遺跡,[4/5]攻撃に強い,"1,100,000GP",-50,,155,-80,-50,,-4.0,-2.5,,,
351,重鎧,レア2,8,キングスプレート,きんぐすぷれーと,アイテム合成,[4/5]攻撃に強い　[10%]回復能力Lv2,"2,000,000GP",,,50,-60,,50,-4.0,,50,,
352,重鎧,レア2,9,ゴールドクロス,ごーるどくろす,アイテム合成,[4/5]攻撃に強い　[4/5]貫通防御,"5,000,000GP",,,150,-90,,,-4.0,,80,,
353,重鎧,レア2,10,クイーンプレート※女性専用,くいーんぷれーと※じょせいせんよう,アイテム合成,知恵+1　体力+1　[4/5]攻撃に強い　[+11%]攻撃威力の増減(%),"3,500,000GP",70,,50,-120,,50,-4.0,,70,,60
354,重鎧,レア2,11,ミネルバプレート※女性専用,みねるばぷれーと※じょせいせんよう,霧の森ファミリアの町,力+1　敏捷+1　[4/5]攻撃に強い　[-9%]魔法ダメージ軽減(%),"3,500,000GP",,,80,-80,,80,-4.0,,,,
355,重鎧,レア2,12,,,,,,,,,,,,,,,,
356,重鎧,レア2,13,金剛武者鎧,こんごうむしゃよろい,アイテム合成,力+1　体力+1　[4/5]攻撃に強い　[+12]必殺率アップ　[+11%]攻撃威力の増減(%),"5,000,000GP",,,50,-150,,50,,,150,,
357,超重鎧,ノーマル,1,ヘビィメイル,へびぃめいる,,[4/5]攻撃に強い　[2/3]攻撃に強い　[+100]防御力アップ　[戦術]重装,"250,000GP",,,30,-60,,30,-5.0,-1.0,,,
358,超重鎧,ノーマル,2,ミスリルヘビィメイル,みすりるへびぃめいる,,[4/5]攻撃に強い　[2/3]攻撃に強い　[+110]防御力アップ　[戦術]重装,"800,000GP",,,30,-90,,30,-5.0,-1.0,,,
359,超重鎧,ノーマル,3,ロイヤルヘビィメイル,ろいやるへびぃめいる,,[4/5]攻撃に強い　[2/3]攻撃に強い　[+120]防御力アップ　[戦術]重装,"1,500,000GP",,,30,-120,,30,-5.0,-1.0,,,
360,超重鎧,ノーマル,4,カイザーヘビィメイル,かいざーへびぃめいる,,[4/5]攻撃に強い　[2/3]攻撃に強い　[+130]防御力アップ　[戦術]重装,"2,400,000GP",,,30,-150,,30,-5.0,-1.0,,,
361,超重鎧,ノーマル,5,,,,,,,,,,,,,,,,
362,超重鎧,ノーマル,6,,,,,,,,,,,,,,,,
363,超重鎧,ノーマル,7,,,,,,,,,,,,,,,,
364,超重鎧,ノーマル,8,,,,,,,,,,,,,,,,
365,超重鎧,レア,1,,,,,,,,,,,,,,,,
366,超重鎧,レア,2,ダマスカスヘビィメイル,だますかすへびぃめいる,アイテム合成,[4/5]攻撃に強い　[2/3]攻撃に強い　[+180]防御力アップ　[戦術]重装　[-10%]物理ダメージ軽減(%),"5,000,000GP",,,280,-155,,,-5.0,-2.0,,,
367,超重鎧,レア,3,パワーヘビィメイル,ぱわーへびぃめいる,アイテム合成,[4/5]攻撃に強い　[2/3]攻撃に強い　[+190]防御力アップ　[戦術]重装　[+10%]攻撃威力の増減(%),"5,000,000GP",80,,220,-185,,,-5.0,-2.0,,,
368,超重鎧,レア,4,,,,,,,,,,,,,,,,
369,超重鎧,レア,5,,,,,,,,,,,,,,,,
370,超重鎧,レア,6,竜鱗超重鎧,りゅうりんちょうじゅうよろい,アイテム合成,[4/5]攻撃に強い　[2/3]攻撃に強い　[+100]防御力アップ　[戦術]重装　[1/2]ブレスに強い,"1,000,000GP",,,60,-100,,60,-5.0,-5.0,80,,
371,超重鎧,レア,7,赤竜鱗超重鎧,せきりゅうりんちょうじゅうよろい,アイテム合成,[4/5]攻撃に強い　[2/3]攻撃に強い　[+110]防御力アップ　[戦術]重装　[抵抗]ファイヤーボール　[1/2]ブレスに強い,"2,000,000GP",,,60,-130,,60,-5.0,-4.5,90,,
372,超重鎧,レア,8,氷竜鱗超重鎧,ひょうりゅうりんちょうじゅうよろい,アイテム合成,[4/5]攻撃に強い　[2/3]攻撃に強い　[+120]防御力アップ　[戦術]重装　[抵抗]ブリザード　[1/2]ブレスに強い,"4,000,000GP",,,60,-160,,60,-5.0,-4.0,100,,
373,超重鎧,レア,9,雷竜鱗超重鎧,らいりゅうりんちょうじゅうよろい,アイテム合成,[4/5]攻撃に強い　[2/3]攻撃に強い　[+130]防御力アップ　[戦術]重装　[抵抗]サンダーボルト　[1/2]ブレスに強い,"8,000,000GP",,,60,-190,,60,-5.0,-3.5,110,,
374,超重鎧,レア,10,黒竜鱗超重鎧,こくりゅうりんちょうじゅうよろい,アイテム合成,[4/5]攻撃に強い　[2/3]攻撃に強い　[+140]防御力アップ　[戦術]重装　[抵抗]マジックアロー　[1/2]ブレスに強い,"12,000,000GP",,,60,-220,,60,-5.0,-3.0,120,,
375,超重鎧,レア,11,緑竜鱗超重鎧,りょくりゅうりんちょうじゅうよろい,アイテム合成,[4/5]攻撃に強い　[2/3]攻撃に強い　[+150]防御力アップ　[戦術]重装　[無効]眠り無効　[1/2]ブレスに強い,"18,000,000GP",,,60,-250,,60,-5.0,-2.5,130,,
376,超重鎧,レア,12,銀竜鱗超重鎧,ぎんりゅうりんちょうじゅうよろい,アイテム合成,[4/5]攻撃に強い　[2/3]攻撃に強い　[+160]防御力アップ　[戦術]重装　[抵抗]ニュークリア　[1/2]ブレスに強い,"25,000,000GP",,,60,-280,,60,-5.0,-2.0,140,,
377,超重鎧,レア,13,金竜鱗超重鎧,きんりゅうりんちょうじゅうよろい,アイテム合成,[4/5]攻撃に強い　[2/3]攻撃に強い　[+170]防御力アップ　[戦術]重装　[3/5]攻撃に強い　[1/2]ブレスに強い,"50,000,000GP",,,60,-310,,60,-5.0,-1.5,150,,
378,盾,ノーマル,1,シールド,しーるど,,[4/5]ブレスに強い　[-6%]ブレスダメージ軽減(%)　[+20]回避能力アップ,80GP,,,8,12,,8,-2.0,,,,
379,盾,ノーマル,2,ミスリルシールド,みすりるしーるど,,[4/5]ブレスに強い　[-7%]ブレスダメージ軽減(%)　[+30]回避能力アップ,400GP,,,12,16,,12,-2.0,,,,
380,盾,ノーマル,3,ロイヤルシールド,ろいやるしーるど,,[4/5]ブレスに強い　[-8%]ブレスダメージ軽減(%)　[+40]回避能力アップ,"2,000GP",,,16,20,,16,,,,,
381,盾,ノーマル,4,カイザーシールド,かいざーしーるど,,[4/5]ブレスに強い　[-9%]ブレスダメージ軽減(%)　[+50]回避能力アップ,"10,000GP",,,20,24,,20,-2.0,,,,
382,盾,ノーマル,5,エンシェントシールド,えんしぇんとしーるど,,[4/5]ブレスに強い　[-10%]ブレスダメージ軽減(%)　[+60]回避能力アップ,"50,000GP",,,28,36,,28,,,,,
383,盾,ノーマル,6,,,,,,,,,,,,,,,,
384,盾,ノーマル,7,,,,,,,,,,,,,,,,
385,盾,ノーマル,8,,,,,,,,,,,,,,,,
386,盾,特殊,1,竜騎士の盾,りゅうきしのたて,シュケルプ湖,[2/3]ブレスに強い,"20,000GP",,,,,,,-2.0,,80,,
387,盾,特殊,2,水鏡の盾,すいきょうのたて,エルフの森サイボーグ研究所魔性のアマゾネス領,[2/3]魔法に強い,"20,000GP",,,40,,,40,-2.0,,,,
388,盾,特殊,3,神の盾,かみのたて,姥捨山ローズウェル傭兵団魔性の雪山の戦い魔性のファミリアの町アイテム合成,[2/3]攻撃に強い,"20,000GP",,,40,,,,-2.0,,,,
389,盾,特殊,4,マジックアローガード,まじっくあろーがーど,呂布戦,[抵抗]マジックアロー,"250,000GP",,,30,20,,30,-2.0,,,,
390,盾,特殊,5,ファイヤーガード,ふぁいやーがーど,伝説のクロノス神殿雪山の戦いファミリアの町,[抵抗]ファイヤーボール,"250,000GP",,,30,20,,30,-2.0,,,,
391,盾,特殊,6,ブリザードガード,ぶりざーどがーど,伝説の氷雷山（中腹）伝説の雪山の戦い,[抵抗]ブリザード,"250,000GP",,,30,20,,30,-2.0,,,,
392,盾,特殊,7,サンダーガード,さんだーがーど,魔獣の森,[抵抗]サンダーボルト,"250,000GP",,,30,20,,30,-2.0,,,,
393,盾,特殊,8,ニュークリアガード,にゅーくりあがーど,サイボーグ研究所黄山,[抵抗]ニュークリア,"250,000GP",,,30,20,,30,-2.0,,,,
394,盾,特殊,9,攻魔障壁,こうましょうへき,,[2/3]攻撃に強い　[2/3]魔法に強い,"2,000,000GP",,,50,50,,50,,,,,
395,盾,特殊,10,魔竜障壁,まりゅうしょうへき,,[2/3]ブレスに強い　[2/3]魔法に強い,"2,000,000GP",,,50,50,,50,,,80,,
396,盾,特殊,11,竜攻障壁,りゅうこうしょうへき,,[2/3]攻撃に強い　[2/3]ブレスに強い,"2,000,000GP",,,50,50,,,,,80,,
397,盾,特殊,12,歪んだ障壁,ひずんだしょうへき,アイテム合成,[弱点]攻撃に弱い　[弱点]魔法に弱い　[弱点]ブレスに弱い,"2,000,000GP",,,,10,,,,,,,
398,盾,特殊,13,金剛障壁,こんごうしょうへき,アイテム合成,[2/3]攻撃に強い　[2/3]魔法に強い　[2/3]ブレスに強い,"10,000,000GP",,,70,70,,70,,,80,,
399,盾,レア1,1,ナイトシールド,ないとしーるど,魔性のアジト伝説のシュケルプ湖,[4/5]ブレスに強い　[才能]回避能力,"50,000GP",,,10,25,,10,-2.0,,,,
400,盾,レア1,2,パラディンシールド,ぱらでぃんしーるど,伝説の廃墟伝説の竜の谷,[4/5]ブレスに強い　[+10]回避能力アップ,"320,000GP",28,,24,40,,24,-2.0,,30,,
401,盾,レア1,3,クルセイダーシールド,くるせいだーしーるど,クロノス神殿,[4/5]ブレスに強い　[-3%]物理ダメージ軽減(%)　[+3%]攻撃威力の増減(%),"450,000GP",36,,32,48,,,-2.0,,40,,
402,盾,レア1,4,タワーシールド,たわーしーるど,,[4/5]ブレスに強い,"450,000GP",,,,100,,,-2.0,,,,
403,盾,レア1,5,青龍の盾,せいりゅうのたて,アイテム合成,[4/5]ブレスに強い　[4/5]クリティカル・ガード,"1,000,000GP",,,28,55,,28,-2.0,,,,
404,盾,レア1,6,ブルーメタルシールド,ぶるーめたるしーるど,魔性の湖底遺跡伝説のマレフィムの丘,[4/5]ブレスに強い　[-5%]物理ダメージ軽減(%)　[-5%]魔法ダメージ軽減(%),"980,000GP",,,30,55,,30,-2.0,,,,
405,盾,レア1,7,深紅の盾,しんくのたて,魔性の竜の谷伝説の大森林の決戦伝説の鳥居,[4/5]ブレスに強い　[+80]回避能力アップ,"750,000GP",,,30,60,,30,-2.0,,,,
406,盾,レア1,8,闘神の盾,とうしんのたて,クロノス神殿魔性の森の地下,[4/5]ブレスに強い　[-4%]物理ダメージ軽減(%)　[+4%]攻撃威力の増減(%),"800,000GP",40,,40,80,,,-2.0,,40,,
407,盾,レア1,9,雷竜の盾,らいりゅうのたて,アイテム合成,[4/5]ブレスに強い　[才能]魔法防御力　[抵抗]サンダーボルト,"1,500,000GP",,,40,75,,40,-2.0,,,,
408,盾,レア2,1,マジックシールド,まじっくしーるど,伝説の森林伝説のアジト伝説のサイボーグ研究所,[4/5]ブレスに強い,"120,000GP",30,,30,40,30,30,-2.0,,,,50
409,盾,レア2,2,ルーンシールド,るーんしーるど,湖底遺跡伝説のコロシアム,[4/5]ブレスに強い　[+60]魔法攻撃力アップ　[才能]魔法攻撃力,"500,000GP",,,40,40,,40,-2.0,,,,
410,盾,レア2,3,黒い盾※ダークエルフ専用,くろいたて※だーくえるふせんよう,ノーム領伝説の霧の森,[4/5]ブレスに強い,"750,000GP",50,,70,99,50,70,-2.0,,,,30
411,盾,レア2,4,白い盾※エルフ専用,しろいたて※えるふせんよう,レバノンの森伝説の黄金宮殿,[4/5]ブレスに強い,"750,000GP",20,,70,99,20,70,-2.0,,,,80
412,盾,レア2,5,王家の盾,おうけのたて,伝説の氷雷山魔性のネア湖,[4/5]ブレスに強い　[+110]回避能力アップ　[+5%]アイテム獲得+,"800,000GP",35,35,38,60,35,38,-2.0,,60,,45
413,盾,レア3,1,旗本の盾,はたもとのたて,魔性の山道ラルバ遺跡,[4/5]ブレスに強い　[弱点]マジックアロー,"180,000GP",,,28,50,,28,,,48,,52
414,盾,レア3,2,ボーンシールド,ぼーんしーるど,伝説の空中遺跡死神の遺跡,[4/5]ブレスに強い,"150,000GP",,,17,33,,17,-2.0,,,,
415,盾,レア3,3,怪しい盾,あやしいたて,アイテム合成,[4/5]ブレスに強い　[-3%]ブレスダメージ軽減(%)　[-4%]ブレスダメージ軽減(%)　[-5%]ブレスダメージ軽減(%),"2,500,000GP",55,66,44,22,55,44,-2.0,1.1,,,133
416,盾,レア4,1,ヴァルキリーの盾※女性専用,う゛ぁるきりーのたて※じょせいせんよう,伝説の死神の遺跡,力+1　精神+1　[4/5]ブレスに強い　[+90]回避能力アップ　[抵抗]マジックアロー　[-7%]魔法ダメージ軽減(%),"1,800,000GP",,,40,85,,40,-2.0,,,,
417,盾,レア4,2,源氏の盾,げんじのたて,魔性の魏王宮,力+1　体力+1　[4/5]ブレスに強い　[+90]回避能力アップ　[+10%]アイテム獲得+　[+11]必殺率アップ,"1,800,000GP",,,30,100,,30,,,,,
418,盾,レア4,3,勝利の盾,しょうりのたて,アマゾネス領,敏捷+1　運+1　[4/5]ブレスに強い　[+90]回避能力アップ　[4/5]貫通防御　[-10%]魔法ダメージ軽減(%),"1,800,000GP",,,40,95,,40,-2.0,,,,
419,盾,レア4,4,天竜の盾,てんりゅうのたて,伝説の空中遺跡,知恵+1　体力+1　[4/5]ブレスに強い　[-6%]ブレスダメージ軽減(%)　[-7%]ブレスダメージ軽減(%),"2,400,000GP",30,,40,105,,40,-2.0,,,,
420,盾,レア4,5,,,,,,,,,,,,,,,,
421,盾,レア4,6,ミラクルシールド,みらくるしーるど,魔性の黄山,精神+1　運+1　[4/5]ブレスに強い　[+120]回避能力アップ　[2/3]クリティカル・ガード　[-11%]魔法ダメージ軽減(%),"3,500,000GP",,,35,80,,35,-2.0,,,,
422,盾,レア4,7,嘆きの盾,なげきのたて,魔性の霧の森魔性のファミリアの町,知恵+1　精神+1　[4/5]ブレスに強い　[+120]回避能力アップ　[-8%]ブレスダメージ軽減(%)　[-9%]ブレスダメージ軽減(%),"3,500,000GP",,,74,115,,74,-2.0,,,,
423,盾,レア4,8,戦友の盾,せんゆうのたて,アイテム合成,力+1　精神+1　体力+1　[4/5]ブレスに強い　[+120]回避能力アップ　[-12%]ブレスダメージ軽減(%)　[+5%]攻撃威力の増減(%)　[+5%]必殺威力の増減(%),"5,000,000GP",55,,70,135,,70,-2.0,,90,,
424,盾,レア4,9,,,,,,,,,,,,,,,,
425,小手,ノーマル,1,ガントレット,がんとれっと,,[+1]攻撃回数アップ　[+10]必殺率アップ,"2,000GP",,10,,,,,3.0,0.8,,,
426,小手,ノーマル,2,ミスリルガントレット,みすりるがんとれっと,,[+2]攻撃回数アップ　[+10]必殺率アップ,"10,000GP",,20,,,,,3.0,0.5,,,
427,小手,ノーマル,3,ロイヤルガントレット,ろいやるがんとれっと,,[+3]攻撃回数アップ　[+10]必殺率アップ,"50,000GP",,30,,,,,3.0,0.5,,,
428,小手,ノーマル,4,カイザーガントレット,かいざーがんとれっと,,[+4]攻撃回数アップ　[+10]必殺率アップ,"250,000GP",,40,,,,,3.0,0.5,,,
429,小手,ノーマル,5,,,,,,,,,,,,,,,,
430,小手,ノーマル,6,,,,,,,,,,,,,,,,
431,小手,ノーマル,7,,,,,,,,,,,,,,,,
432,小手,ノーマル,8,,,,,,,,,,,,,,,,
433,小手,レア1,1,盗賊の小手,とうぞくのこて,伝説のスライムの洞窟伝説の大盗賊団地下坑道,[才能]罠解除能力,"40,000GP",,30,,20,,,3.0,1.2,,30,
434,小手,レア1,2,忍者の手甲,にんじゃのしゅこう,伝説の平原氷雷山,[1.1倍]格闘1.1倍　[+10]攻撃力アップ　[+10%]必殺威力の増減(%),"80,000GP",,30,,20,,,6.0,1.6,,,
435,小手,レア1,3,ナイトガントレット,ないとがんとれっと,森林アマゾネス領,[才能]攻撃回数,"240,000GP",,25,,15,,,3.0,1.4,,,
436,小手,レア1,4,銀の小手,ぎんのこて,山道伝説の黄山,[1.1倍]魔法威力,"480,000GP",,30,30,15,,30,3.0,2.8,,,
437,小手,レア1,5,魔法の小手,まほうのこて,氷雷山,[1.2倍]マジックアロー　[1.3倍]マジックアロー,"320,000GP",30,25,,20,30,,3.0,1.2,,,
438,小手,レア2,1,狂戦士の小手,きょうせんしのこて,魔性の黒雲山魔性の霧の森,[弱点]攻撃に弱い　[+10%]必殺威力の増減(%)　[+10%]攻撃威力の増減(%),"550,000GP",40,30,,,,,8.0,1.5,,,
439,小手,レア2,2,氷竜の小手,ひょうりゅうのこて,氷雷山,[才能]命中精度　[才能]魔法回復量　[抵抗]ブリザード,"1,500,000GP",,50,30,40,,30,3.0,2.1,50,,
440,小手,レア2,3,魔神の小手,まじんのこて,地下坑道黄金宮殿伝説の黄金宮殿,[才能]命中精度　[才能]攻撃力,"1,800,000GP",,30,30,30,,30,3.0,1.8,50,,
441,小手,レア2,4,深紅の小手,しんくのこて,アイテム合成,[才能]魔法防御力　[+1]攻撃回数アップ　[+2]攻撃回数アップ,"1,200,000GP",,50,40,30,,40,3.0,1.7,,,
442,小手,レア2,5,亡霊の小手,ぼうれいのこて,魔性の氷雷山（頂上）伝説の霧の森伝説の森の地下,[1.2倍]ブリザード　[+130]魔法攻撃力アップ　[-11%]魔法ダメージ軽減(%),"1,500,000GP",40,40,,,40,,3.0,1.7,,,
443,小手,レア2,6,,,,,,,,,,,,,,,,
444,小手,レア3,1,将軍の小手,しょうぐんのこて,アイテム合成,[+2]攻撃回数アップ　[+3]攻撃回数アップ　[才能]命中精度,"2,500,000GP",,75,45,30,,45,3.0,1.8,,,
445,小手,レア3,2,武神の小手,ぶしんのこて,魔性の空中遺跡伝説の森の地下,敏捷+1　[+6]攻撃回数アップ　[4/5]貫通防御　[+70]攻撃力アップ,"2,500,000GP",,110,,30,,,3.0,1.6,,,
446,小手,レア3,3,源氏の小手,げんじのこて,魔性の魏王宮,力+1　[+5]攻撃回数アップ　[+10%]アイテム獲得+　[+19]必殺率アップ,"2,800,000GP",,155,30,,,,,1.7,,,
447,小手,レア3,4,,,,,,,,,,,,,,,,
448,小手,レア3,5,,,,,,,,,,,,,,,,
449,小手,レア3,6,竜人王の小手※ドラゴニュート専用,りゅう人王のこて※どらごにゅーとせんよう,伝説の竜の狩り場,力+1　敏捷+1　[+5]攻撃回数アップ　[+6]攻撃回数アップ　[x2.0]ブレス反撃　[+120]攻撃力アップ,"7,500,000GP",,160,,30,,,3.0,1.8,80,,
450,小手,格闘系,1,パワーリスト,ぱわーりすと,森林伝説のクロノス神殿,[1.5倍]格闘1.5倍　[+50]攻撃力アップ,"120,000GP",,40,,,,,3.0,0.8,,,
451,小手,格闘系,2,,,,,,,,,,,,,,,,
452,小手,格闘系,3,,,,,,,,,,,,,,,,
453,小手,格闘系,4,,,,,,,,,,,,,,,,
454,小手,腕輪,1,星降る腕輪,ほしふるうでわ,空中遺跡,[x40]攻撃回数→回避能力,"800,000GP",,,44,44,,44,,1.2,,,
455,小手,腕輪,2,光る腕輪,ひかるうでわ,魔性の大森林の決戦魏王宮魔性の鳥居,[x40]攻撃回数→魔法防御力,"800,000GP",,,44,44,,44,,1.2,,,
456,小手,腕輪,3,白い腕輪,しろいうでわ,,[x60]攻撃回数→魔法回復量,"800,000GP",,,44,44,,44,,1.2,,,
457,小手,腕輪,4,,,,,,,,,,,,,,,,
458,小手,腕輪,5,黄金の腕輪,おうごんのうでわ,アイテム合成,[x40]攻撃回数→防御力,"2,500,000GP",,,33,33,,33,,1.8,,,
459,小手,腕輪,6,,,,,,,,,,,,,,,,
460,ワンド,ノーマル,1,ワンド,わんど,,[+6%]魔法威力の増減(%),200GP,10,,,,10,,-4.0,,,,
461,ワンド,ノーマル,2,ミスリルワンド,みすりるわんど,,[+7%]魔法威力の増減(%),"1,000GP",15,,,,15,,-4.0,,,,
462,ワンド,ノーマル,3,ロイヤルワンド,ろいやるわんど,,[+8%]魔法威力の増減(%),"5,000GP",20,,,,20,,-4.0,,,,
463,ワンド,ノーマル,4,カイザーワンド,かいざーわんど,,[+9%]魔法威力の増減(%),"25,000GP",30,,,,30,,-4.0,,,,
464,ワンド,ノーマル,5,エンシェントワンド,えんしぇんとわんど,,[+10%]魔法威力の増減(%),"125,000GP",40,,,,40,,-4.0,,,,
465,ワンド,ノーマル,6,,,,,,,,,,,,,,,,
466,ワンド,ノーマル,7,,,,,,,,,,,,,,,,
467,ワンド,ノーマル,8,,,,,,,,,,,,,,,,
468,ワンド,強化系,1,ウィザードワンド,うぃざーどわんど,アジト,[才能]魔法攻撃力,"120,000GP",40,,,,40,,-4.0,,,,
469,ワンド,強化系,2,マジックワンド,まじっくわんど,伝説の平原古館,[1.3倍]マジックアロー,"240,000GP",40,,,,40,,-4.0,,,,
470,ワンド,強化系,3,ファイアーワンド,ふぁいあーわんど,魔性の湿地マチェス遺跡,[1.3倍]ファイヤーボール,"240,000GP",40,,,,40,,-4.0,,,,
471,ワンド,強化系,4,アイスワンド,あいすわんど,伝説の湿地魔性のラルバ遺跡魔性の氷雷山（中腹）魔性の雪山の戦い,[1.3倍]ブリザード,"240,000GP",40,,,,40,,-4.0,,,,
472,ワンド,強化系,5,サンダーワンド,さんだーわんど,伝説のエルフの森ホルン遺跡,[1.3倍]サンダーボルト,"320,000GP",40,,,,40,,-4.0,,,,
473,ワンド,強化系,6,ニュークリアワンド,にゅーくりあわんど,ホルン遺跡サイボーグ研究所,[1.3倍]ニュークリア,"480,000GP",40,,,,40,,-4.0,,,,
474,ワンド,強化系,7,魔力を帯びた杖,まりょくをおびたつえ,魔性のホルン遺跡アイテム合成,[1.3倍]マジックアロー　[忘却]サンダーボルト,"700,000GP",60,,,,60,,-4.0,,,,
475,ワンド,強化系,8,燃えさかる杖,もえさかるつえ,帝都防衛戦サイボーグ研究所魏王宮,[1.3倍]ファイヤーボール　[忘却]ブリザード,"700,000GP",60,,,,60,,-4.0,,,,
476,ワンド,強化系,9,凍りついた杖,こおりついたつえ,湖底遺跡ネア湖,[1.3倍]ブリザード　[忘却]ファイヤーボール,"700,000GP",60,,,,60,,-4.0,,,,
477,ワンド,強化系,10,帯電した杖,たいでんしたつえ,伝説の竜の谷空中遺跡,[1.3倍]サンダーボルト　[忘却]マジックアロー,"700,000GP",60,,,,60,,-4.0,,,,
478,ワンド,強化系,11,魔竜の牙杖,まりゅうのがじょう,黒雲山竜の狩り場,[1.2倍]マジックアロー　[1.3倍]マジックアロー,"800,000GP",100,,,,100,,-4.0,,,,
479,ワンド,強化系,12,火竜の牙杖,かりゅうのがじょう,竜の谷竜の狩り場,[1.2倍]ファイヤーボール　[1.3倍]ファイヤーボール,"800,000GP",100,,,,100,,-4.0,,,,
480,ワンド,強化系,13,氷竜の牙杖,ひょうりゅうのがじょう,氷雷山,[1.2倍]ブリザード　[1.3倍]ブリザード,"800,000GP",100,,,,100,,-4.0,,,,
481,ワンド,強化系,14,雷竜の牙杖,らいりゅうのがじょう,魔性の氷雷山（中腹）,[1.2倍]サンダーボルト　[1.3倍]サンダーボルト,"1,200,000GP",100,,,,100,,-4.0,,,,
482,ワンド,強化系,15,神竜の牙杖,しんりゅうのがじょう,氷雷山（尾根）魔性の黄金宮殿アイテム合成,[1.2倍]ニュークリア　[1.3倍]ニュークリア,"2,500,000GP",100,,,,100,,-4.0,,,,
483,ワンド,強化系,16,暗黒魔道士の杖,あんこくまどうしのつえ,アイテム合成,[1.2倍]マジックアロー　[1.2倍]ファイヤーボール　[1.2倍]ブリザード　[1.2倍]サンダーボルト　[1.2倍]ニュークリア,"1,500,000GP",50,,,,50,,-4.0,,,,
484,ワンド,強化系,17,大魔導師の杖,だいまどうしのつえ,伝説の黒雲山霧の森森の地下,[1.3倍]マジックアロー　[1.3倍]ファイヤーボール　[1.3倍]ブリザード　[1.3倍]サンダーボルト　[1.3倍]ニュークリア,"2,500,000GP",50,,,,50,,-4.0,,,,
485,ワンド,強化系,18,,,,,,,,,,,,,,,,
486,ワンド,レア1,1,森の杖,もりのつえ,エルフの森,,"240,000GP",30,,,,30,,-4.0,,30,,30
487,ワンド,レア1,2,神の杖,かみのつえ,伝説の湿地伝説の川沿い伝説の地下坑道死神の遺跡,,"320,000GP",40,,,,40,,-4.0,,40,,40
488,ワンド,レア1,3,竜の杖,りゅうのつえ,山道魔性のマチェス遺跡伝説のローズウェル傭兵団,,"480,000GP",50,,,,50,,-4.0,,50,,50
489,ワンド,レア1,4,ネクロマンサーの杖,ねくろまんさーのつえ,古館伝説のサイボーグ研究所,,"1,000,000GP",70,,,,70,,-4.0,,70,,70
490,ワンド,レア1,5,魔女の杖,まじょのつえ,魔性の黒雲山伝説の魏王宮森の地下,,"1,600,000GP",110,,,,110,,-4.0,,110,,110
491,ワンド,レア2,1,核暴走,かくぼうそう,伝説の湖底遺跡,[1.4倍]ニュークリア　[弱点]ニュークリア,"2,000,000GP",100,,,-100,100,,-4.0,,,,
492,ワンド,レア2,2,ルーンスタッフ,るーんすたっふ,魔獣の森,[1.2倍]マジックアロー　[1.2倍]ヒール,"300,000GP",60,,,,60,,-4.0,,,,60
493,ワンド,レア2,3,ブーストワンド,ぶーすとわんど,魔性の黒雲山伝説の呂布戦,[+3%]魔法威力の増減(%)　[+4%]魔法威力の増減(%)　[+5%]魔法威力の増減(%),"600,000GP",10,,,,10,,-4.0,,,,10
494,ワンド,レア2,4,エレファントスタッフ,えれふぁんとすたっふ,アイテム合成,[1.3倍]ファイヤーボール　[1.2倍]ブリザード　[+8%]攻撃威力の増減(%),"1,000,000GP",60,60,,,60,,-4.0,,,,60
495,ワンド,レア2,5,ダークワンド,だーくわんど,レバノンの森,,"500,000GP",98,,,,98,,-4.0,,,,
496,ワンド,レア2,6,ルミナスワンド,るみなすわんど,空中遺跡魔性の死神の遺跡,,"630,000GP",30,,30,,30,30,-4.0,,30,,60
497,ワンド,レア2,7,隠者の杖,いんじゃのつえ,,[10%]魔法攻撃力→HP,"770,000GP",80,,,,80,,-4.0,,,,
498,ワンド,レア2,8,隕石の杖,いんせきのつえ,霧の森ファミリアの町,,"980,000GP",105,,,,105,,-4.0,,,,
499,ワンド,レア2,9,,,,,,,,,,,,,,,,
500,ワンド,レア2,10,,,,,,,,,,,,,,,,
501,ワンド,レア2,11,龍王の杖,りゅおうのつえ,氷雷山（頂上）,[才能]魔法攻撃力　[才能]魔法回復量,"5,000,000GP",240,,100,,240,100,-4.0,,150,,240
502,ワンド,レア2,12,,,,,,,,,,,,,,,,
503,ワンド,レア2,13,マースの杖,まーすのつえ,伝説のアマゾネス領,[1.4倍]ニュークリア,"5,000,000GP",180,,80,,180,80,-4.0,,80,,300
504,ワンド,レア2,14,天帝の杖,てんていのつえ,アイテム合成,[1.4倍]マジックアロー　[1.1倍]魔法威力,"10,000,000GP",255,,150,,255,150,-4.0,,180,,
505,ロッド,ノーマル,1,ロッド,ろっど,,[6%]魔法回復量→HP,200GP,,,,,,,-2.0,,,,20
506,ロッド,ノーマル,2,ミスリルロッド,みすりるろっど,,[7%]魔法回復量→HP,"1,000GP",,,,,,,-2.0,,,,30
507,ロッド,ノーマル,3,ロイヤルロッド,ろいやるろっど,,[8%]魔法回復量→HP,"5,000GP",,,,,,,-2.0,,,,45
508,ロッド,ノーマル,4,カイザーロッド,かいざーろっど,,[9%]魔法回復量→HP,"25,000GP",,,,,,,-2.0,,,,60
509,ロッド,ノーマル,5,エンシェントロッド,えんしぇんとろっど,,[10%]魔法回復量→HP,"125,000GP",,,,,,,-2.0,,,,120
510,ロッド,ノーマル,6,,,,,,,,,,,,,,,,
511,ロッド,ノーマル,7,,,,,,,,,,,,,,,,
512,ロッド,ノーマル,8,,,,,,,,,,,,,,,,
513,ロッド,強化系,1,プリーストロッド,ぷりーすとろっど,アジト,[才能]魔法回復量,"30,000GP",,,,,,,-2.0,,,,50
514,ロッド,強化系,2,ヒールロッド,ひーるろっど,魔性のアジトレバノンの森,[1.5倍]ヒール,"80,000GP",,,,,,,-2.0,,,,80
515,ロッド,強化系,3,ヒールプラスロッド,ひーるぷらすろっど,伝説の姥捨山魔性の氷雷山,[1.5倍]ヒールプラス,"120,000GP",,,,,,,-2.0,,,,80
516,ロッド,強化系,4,パーティヒールロッド,ぱーてぃひーるろっど,マチェス遺跡伝説のサイボーグ研究所ヒドラ火山,[1.5倍]パーティヒール,"240,000GP",,,,,,,-2.0,,,,80
517,ロッド,強化系,5,癒しのタブレット,いやしのたぶれっと,魔性の帝都防衛戦伝説のローズウェル傭兵団伝説のノーム領,[1.4倍]ヒール,"320,000GP",,,,,,,-2.0,,,,160
518,ロッド,強化系,6,回復のタブレット,かいふくのたぶれっと,伝説の大盗賊団,[1.4倍]ヒールプラス,"480,000GP",,,,,,,-2.0,,,,160
519,ロッド,強化系,7,神秘のタブレット,しんぴのたぶれっと,伝説の魏王宮魔性の森の地下,[1.4倍]パーティヒール,"640,000GP",,,,,,,-2.0,,,,160
520,ロッド,強化系,8,白魔導士の杖,しろまどうしのつえ,アイテム合成,[1.5倍]ヒール　[1.5倍]ヒールプラス　[1.5倍]パーティヒール,"820,000GP",,,,,,,-2.0,,,,80
521,ロッド,強化系,9,大僧正の杖,だいそうじょうのつえ,魔性のノーム領,精神+1　[+140]魔法回復量アップ　[1.4倍]ヒール　[1.4倍]ヒールプラス　[1.4倍]パーティヒール,"1,500,000GP",,,,,,,-2.0,,,,300
522,ロッド,レア1,1,エンジェルロッド,えんじぇるろっど,マレフィムの丘ファミリアの町,[6%]魔法回復量→HP,"320,000GP",,,,,,,-2.0,,,,60
523,ロッド,レア1,2,スターロッド,すたーろっど,伝説のヒドラ火山黄金宮殿,[7%]魔法回復量→HP,"640,000GP",,,,,,,-2.0,,,,90
524,ロッド,レア1,3,ミストロッド,みすとろっど,,[8%]魔法回復量→HP,"960,000GP",,,,,,,-2.0,,,,135
525,ロッド,レア1,4,プラチナロッド,ぷらちなろっど,魔性の氷雷山（尾根）,[9%]魔法回復量→HP,"1,280,000GP",,,,,,,-2.0,,,,180
526,ロッド,レア1,5,,,,,,,,,,,,,,,,
527,ロッド,レア1,6,,,,,,,,,,,,,,,,
528,ロッド,レア1,7,精霊の杖,せいれいのつえ,氷雷山（頂上）伝説の森の地下,[-11%]物理ダメージ軽減(%)　[+120]魔法攻撃力アップ　[+120]魔法回復量アップ　[14%]魔法回復量→HP,"1,000,000GP",50,-80,80,,50,80,-2.0,-2.0,,,100
529,ロッド,レア2,1,令嬢の杖,れいじょうのつえ,伝説の古館,[無能]攻撃力,"500,000GP",40,,,,40,,-2.0,,,,120
530,ロッド,レア2,2,ナイチンゲール,ないちんげーる,伝説のホルン遺跡魔性の黄山,[弱点]攻撃に弱い,"500,000GP",,,,,,,-2.0,,,,240
531,ロッド,レア2,3,エルフの杖,えるふのつえ,伝説の帝都防衛戦,[5%]魔法回復量→HP,"380,000GP",,,,,,,-2.0,,,,125
532,ロッド,レア2,4,バリアロッド,ばりあろっど,伝説の氷雷山,[習得]シールドバリア　[習得]マジックバリア,"480,000GP",,,,,,,-2.0,,,,100
533,ロッド,レア2,5,プロテクトロッド,ぷろてくとろっど,死神の遺跡,,"480,000GP",,,50,,,,-2.0,,,,120
534,ロッド,レア2,6,光の杖,ひかりのつえ,伝説のマレフィムの丘伝説のファミリアの町,[+140]魔法防御力アップ,"640,000GP",,,60,,,60,-2.0,,,,180
535,ロッド,レア2,7,タートルロッド,たーとるろっど,アイテム合成,,"980,000GP",,,80,,,,-2.0,,,,240
536,ロッド,レア2,8,王女の杖※女性専用,おうじょのつえ※じょせいせんよう,魔性の魔獣の森伝説のネア湖,[5%]魔法回復量→HP,"1,280,000GP",,,,,,,-2.0,,100,,250
537,ロッド,レア2,9,王者の杖※男性専用,おうじゃのつえ※だんせいせんよう,ヒドラ火山,[5%]魔法回復量→HP,"1,280,000GP",,,,,,,-2.0,,150,,200
538,ロッド,レア2,10,,,,,,,,,,,,,,,,
539,ロッド,レア2,11,,,,,,,,,,,,,,,,
540,魔道書,魔道書（基礎）,1,魔書『魔矢の基礎』,ましょまやのきそ,,[1.3倍]マジックアロー,"10,000GP",10,,10,,10,10,,-1.0,,,10
541,魔道書,魔道書（基礎）,2,魔書『火炎の基礎』,ましょかえんのきそ,,[1.3倍]ファイヤーボール,"10,000GP",10,,10,,10,10,,-1.0,,,10
542,魔道書,魔道書（基礎）,3,魔書『氷結の基礎』,ましょひょうけつのきそ,,[1.3倍]ブリザード,"10,000GP",10,,10,,10,10,,-1.0,,,10
543,魔道書,魔道書（基礎）,4,魔書『稲妻の基礎』,ましょいなづまのきそ,,[1.3倍]サンダーボルト,"20,000GP",10,,10,,10,10,,-1.0,,,10
544,魔道書,魔道書（基礎）,5,魔書『核力の基礎』,ましょかくりょくのきそ,,[1.3倍]ニュークリア,"50,000GP",10,,10,,10,10,,-1.0,,,10
545,魔道書,魔道書（基礎）,6,神書『回復の基礎』,しんしょかいふくのきそ,,[1.5倍]ヒール,"10,000GP",10,,10,,10,10,,-1.0,,,10
546,魔道書,魔道書（基礎）,7,神書『大回復の基礎』,しんしょだいかいふくのきそ,,[1.5倍]ヒールプラス,"20,000GP",10,,10,,10,10,,-1.0,,,10
547,魔道書,魔道書（基礎）,8,神書『全体回復の基礎』,しんしょぜんたいかいふくのきそ,,[1.5倍]パーティヒール,"50,000GP",10,,10,,10,10,,-1.0,,,10
548,魔道書,魔道書（呪文書）,1,呪文書『魔法の矢』,じゅもんしょまほうのや,,[1.2倍]マジックアロー　[習得]マジックアロー,"10,000GP",20,,,,20,,,,40,,
549,魔道書,魔道書（呪文書）,2,呪文書『眠りの雲』,じゅもんしょねむりのくも,魔性の山道魔性の竜の谷,[習得]スリープクラウド,"20,000GP",25,,,,25,,,,45,,
550,魔道書,魔道書（呪文書）,3,呪文書『炎の玉』,じゅもんしょほのおのたま,湿地魔性のサイボーグ研究所,[1.2倍]ファイヤーボール　[習得]ファイヤーボール,"40,000GP",30,,,,30,,,,50,,
551,魔道書,魔道書（呪文書）,4,呪文書『凍える吹雪』,じゅもんしょこごえるふぶき,魔性のエルフの森,[1.2倍]ブリザード　[習得]ブリザード,"80,000GP",35,,,,35,,,,55,,
552,魔道書,魔道書（呪文書）,5,呪文書『狂気の解放』,じゅもんしょきょうきのかいほう,魔性のスライムの洞窟魔性の姥捨山伝説の魔獣の森,[習得]アタックアップ,"160,000GP",40,,,,40,,,,60,,
553,魔道書,魔道書（呪文書）,6,呪文書『神の雷』,じゅもんしょかみのかみなり,魔性の帝都防衛戦伝説の湖底遺跡大森林の決戦鳥居,[1.2倍]サンダーボルト　[習得]サンダーボルト,"320,000GP",50,,,,50,,,,70,,
554,魔道書,魔道書（呪文書）,7,呪文書『禁断の力』,じゅもんしょきんだんのちから,サイボーグ研究所魔性の森の地下,[1.2倍]ニュークリア　[習得]ニュークリア,"640,000GP",60,,,,60,,,,80,,
555,魔道書,レア1,1,冒険者マニュアル,ぼうけんしゃまにゅある,ヒドラ火山魔性の空中遺跡,[1.10]獲得経験値,"100,000GP",20,20,20,20,20,20,,-1.0,20,20,20
556,魔道書,レア1,2,スペルブック,すぺるぶっく,ノーム領,[+10%]魔法威力の増減(%),"300,000GP",30,-50,30,,30,30,,-1.0,,,30
557,魔道書,レア1,3,分厚い本,ぶあついほん,,[+80]攻撃力アップ　[+1%]攻撃威力の増減(%),"200,000GP",,30,30,,,30,,-1.0,,,
558,魔道書,レア1,4,賢者の書,けんじゃのしょ,,[才能]魔法攻撃力　[才能]魔法回復量,"500,000GP",40,-50,30,,40,30,,-1.0,,,60
559,魔道書,レア2,1,白魔術の極意書,しろまじゅつのごくいしょ,迷いの森,[1.5倍]ヒール　[1.5倍]ヒールプラス　[1.5倍]パーティヒール,"3,000,000GP",50,-80,50,,50,50,,-3.0,,,50
560,魔道書,レア2,2,黒魔術の極意書,くろまじゅつのごくいしょ,迷いの森,[1.3倍]マジックアロー　[1.3倍]ファイヤーボール　[1.3倍]ブリザード　[1.3倍]サンダーボルト　[1.3倍]ニュークリア,"3,000,000GP",50,-80,50,,50,50,,-3.0,,,50
561,魔道書,レア2,3,,,,,,,,,,,,,,,,
562,魔道書,レア2,4,,,,,,,,,,,,,,,,
563,魔道書,レア3,1,真実の書,しんじつのしょ,マレフィムの丘ファミリアの町,[+11%]魔法威力の増減(%),"3,000,000GP",40,-50,70,,40,70,,-1.0,,,130
564,魔道書,レア3,2,,,,,,,,,,,,,,,,
565,魔道書,レア3,3,悪魔教典,あくまきょうてん,霧の森,[+12%]魔法威力の増減(%),"3,000,000GP",80,-50,80,,80,80,,-1.0,,,80
566,魔道書,レア3,4,魂のアルバム,たましいのあるばむ,アイテム合成,[1.1倍]魔法威力,"3,000,000GP",70,-50,70,,70,70,,-1.0,70,,70
567,魔道書,レア4,1,鬼神の技書,きしんのぎしょ,伝説の魏王宮,[+10%]闘争心,"5,000,000GP",,80,80,,,,,-1.0,,,
568,魔道書,レア4,2,達人の技書,たつじんのぎしょ,伝説の魏王宮,[x1.5]達人,"5,000,000GP",,80,,80,,,,-1.0,,,
569,魔道書,レア4,3,魔矢の技書,まやのぎしょ,伝説の魏王宮,[x2.0]魔法反撃,"5,000,000GP",,150,,,,,,-1.0,,,
570,魔道書,レア4,4,,,,,,,,,,,,,,,,
571,魔道書,レア4,5,,,,,,,,,,,,,,,,
572,魔道書,レア4,6,必殺連撃の技書,ひっさつれんげきのぎしょ,伝説のコロシアム,[+10%]必殺連撃,"5,000,000GP",,80,,,,,,-1.0,,,
573,魔道書,レア4,7,天罰の書,てんばつのしょ,魔性のレバノンの森魔性の黄金宮殿,,"5,000,000GP",120,-50,100,,120,100,,-1.0,100,,200
574,魔道書,レア4,8,進化の書,しんかのしょ,伝説のマレフィムの丘伝説のファミリアの町,[2.00]獲得経験値,"5,000,000GP",50,50,50,,50,50,,2.0,50,50,50
575,魔道書,魔道教典,1,魔道教典Lv1『魔法の矢』,まどうきょうてんLv1まほうのや,魔性のアジト帝都防衛戦伝説の氷雷山,[Lv1]魔法使い魔法,"100,000GP",40,-50,40,,40,40,,-1.0,,,40
576,魔道書,魔道教典,2,魔道教典Lv2『眠りの雲』,まどうきょうてんLv2ねむりのくも,伝説のアジト湖底遺跡,[Lv2]魔法使い魔法,"200,000GP",45,-50,45,,45,45,,-1.0,,,45
577,魔道書,魔道教典,3,魔道教典Lv3『炎の玉』,まどうきょうてんLv3ほのおのたま,伝説の廃墟帝都防衛戦魔獣の森伝説のノーム領,[Lv3]魔法使い魔法,"400,000GP",50,-50,50,,50,50,,-1.0,,,50
578,魔道書,魔道教典,4,魔道教典Lv4『凍える吹雪』,まどうきょうてんLv4こごえるふぶき,姥捨山伝説の黒雲山魔性の霧の森魔性のファミリアの町,[Lv4]魔法使い魔法,"800,000GP",55,-50,55,,55,55,,-1.0,,,55
579,魔道書,魔道教典,5,魔道教典Lv5『狂気の解放』,まどうきょうてんLv5きょうきのかいほう,ホルン遺跡黒雲山クロノス神殿魔性のファミリアの町,[Lv5]魔法使い魔法,"1,600,000GP",60,-50,60,,60,60,,-1.0,,,60
580,魔道書,魔道教典,6,魔道教典Lv6『神の雷』,まどうきょうてんLv6かみのかみなり,伝説の古館魔性のサイボーグ研究所伝説の大森林の決戦霧の森伝説の鳥居,[Lv6]魔法使い魔法,"3,200,000GP",70,-50,70,,70,70,,-1.0,,,70
581,魔道書,魔道教典,7,魔道教典Lv7『禁断の力』,まどうきょうてんLv7きんだんのちから,伝説のノーム領,[Lv7]魔法使い魔法,"6,400,000GP",90,-50,90,,90,90,,-1.0,,,90
582,魔道書,神聖教典,1,神聖教典Lv1『癒しの法』,しんせいきょうてんLv1いやしのほう,シュケルプ湖伝説の湖底遺跡,[Lv1]僧侶魔法,"100,000GP",40,-50,40,,40,40,,-1.0,,,40
583,魔道書,神聖教典,2,神聖教典Lv2『守護の法』,しんせいきょうてんLv2しゅごのほう,伝説の湿地伝説の竜の谷伝説の竜の狩り場,[Lv2]僧侶魔法,"200,000GP",45,-50,45,,45,45,,-1.0,,,45
584,魔道書,神聖教典,3,神聖教典Lv3『治療の法』,しんせいきょうてんLv3ちりょうのほう,魔性の山道魔性の川沿い湖底遺跡魔性の大平原,[Lv3]僧侶魔法,"400,000GP",50,-50,50,,50,50,,-1.0,,,50
585,魔道書,神聖教典,4,神聖教典Lv4『回復の法』,しんせいきょうてんLv4かいふくのほう,エルフの森盗賊迎撃戦地下坑道黄金宮殿,[Lv4]僧侶魔法,"800,000GP",55,-50,55,,55,55,,-1.0,,,55
586,魔道書,神聖教典,5,神聖教典Lv5『結界の法』,しんせいきょうてんLv5けっかいのほう,大盗賊団ノーム領,[Lv5]僧侶魔法,"1,600,000GP",60,-50,60,,60,60,,-1.0,,,60
587,魔道書,神聖教典,6,神聖教典Lv6『女神の法』,しんせいきょうてんLv6めがみのほう,伝説のサイボーグ研究所,[Lv6]僧侶魔法,"3,200,000GP",70,-50,70,,70,70,,-1.0,,,70
588,魔道書,神聖教典,7,神聖教典Lv7『神秘の法』,しんせいきょうてんLv7しんぴのほう,伝説のファミリアの町アイテム合成,[Lv7]僧侶魔法,"6,400,000GP",90,-50,90,,90,90,,-1.0,,,90
589,魔道書,忘却書,1,忘却の書『マジックアロー』,ぼうきゃくのしょまじっくあろー,,[忘却]マジックアロー,"1,000GP",,,,,,,,,,,
590,魔道書,忘却書,2,忘却の書『スリープクラウド』,ぼうきゃくのしょすりーぷくらうど,,[忘却]スリープクラウド,"1,000GP",,,,,,,,,,,
591,魔道書,忘却書,3,忘却の書『ファイアーボール』,ぼうきゃくのしょふぁいあーぼーる,,[忘却]ファイヤーボール,"1,000GP",,,,,,,,,,,
592,魔道書,忘却書,4,忘却の書『ブリザード』,ぼうきゃくのしょぶりざーど,,[忘却]ブリザード,"1,000GP",,,,,,,,,,,
593,魔道書,忘却書,5,忘却の書『アタックアップ』,ぼうきゃくのしょあたっくあっぷ,,[忘却]アタックアップ,"1,000GP",,,,,,,,,,,
594,魔道書,忘却書,6,忘却の書『サンダーボルト』,ぼうきゃくのしょさんだーぼると,,[忘却]サンダーボルト,"1,000GP",,,,,,,,,,,
595,魔道書,忘却書,7,忘却の書『ニュークリア』,ぼうきゃくのしょにゅーくりあ,,[忘却]ニュークリア,"1,000GP",,,,,,,,,,,
596,魔道書,忘却書,8,忘却の書『ヒール』,ぼうきゃくのしょひーる,,[忘却]ヒール,"1,000GP",,,,,,,,,,,
597,魔道書,忘却書,9,忘却の書『シールドバリア』,ぼうきゃくのしょしーるどばりあ,,[忘却]シールドバリア,"1,000GP",,,,,,,,,,,
598,魔道書,忘却書,10,忘却の書『キュア』,ぼうきゃくのしょきゅあ,,[忘却]キュア,"1,000GP",,,,,,,,,,,
599,魔道書,忘却書,11,忘却の書『ヒールプラス』,ぼうきゃくのしょひーるぷらす,,[忘却]ヒールプラス,"1,000GP",,,,,,,,,,,
600,魔道書,忘却書,12,忘却の書『マジックバリア』,ぼうきゃくのしょまじっくばりあ,,[忘却]マジックバリア,"1,000GP",,,,,,,,,,,
601,魔道書,忘却書,13,忘却の書『フルヒール』,ぼうきゃくのしょふるひーる,,[忘却]フルヒール,"1,000GP",,,,,,,,,,,
602,魔道書,忘却書,14,忘却の書『パーティヒール』,ぼうきゃくのしょぱーてぃひーる,,[忘却]パーティヒール,"1,000GP",,,,,,,,,,,
603,魔道書,忘却書,15,忘却の書Lv5,ぼうきゃくのしょLv5,ラルバ遺跡呂布戦魔性の霧の森魔性の森の地下,[忘却]マジックアロー　[忘却]スリープクラウド　[忘却]ファイヤーボール　[忘却]ブリザード　[忘却]アタックアップ　[忘却]ヒール　[忘却]シールドバリア　[忘却]キュア　[忘却]ヒールプラス　[忘却]マジックバリア,"400,000GP",,,,,,,,,,,
604,魔道書,忘却書,16,忘却の書『炎氷』,ぼうきゃくのしょえんひょう,魔性の竜の谷,[忘却]ファイヤーボール　[忘却]ブリザード,"640,000GP",,,,,,,,,,,
605,魔道書,忘却書,17,忘却の書『雷矢』,ぼうきゃくのしょらいや,魔性の地下坑道,[忘却]マジックアロー　[忘却]サンダーボルト,"640,000GP",,,,,,,,,,,
606,魔道書,忘却書,18,忘却の書『幻軍』,ぼうきゃくのしょげんぐん,魔性の湖底遺跡,[忘却]スリープクラウド　[忘却]アタックアップ,"640,000GP",,,,,,,,,,,
607,法衣,ノーマル,1,ローブ,ろーぶ,,[4/5]魔法に強い　[-6%]魔法ダメージ軽減(%),200GP,,,16,,,16,,,,,
608,法衣,ノーマル,2,ミスリルローブ,みすりるろーぶ,,[4/5]魔法に強い　[-7%]魔法ダメージ軽減(%),"1,000GP",,,24,,,24,,,,,
609,法衣,ノーマル,3,ロイヤルローブ,ろいやるろーぶ,,[4/5]魔法に強い　[-8%]魔法ダメージ軽減(%),"5,000GP",,,32,,,32,,,,,
610,法衣,ノーマル,4,カイザーローブ,かいざーろーぶ,,[4/5]魔法に強い　[-9%]魔法ダメージ軽減(%),"25,000GP",,,48,,,48,,,,,
611,法衣,ノーマル,5,エンシェントローブ,えんしぇんとろーぶ,,[4/5]魔法に強い　[-10%]魔法ダメージ軽減(%),"125,000GP",,,64,,,64,,,,,
612,法衣,ノーマル,6,,,,,,,,,,,,,,,,
613,法衣,ノーマル,7,,,,,,,,,,,,,,,,
614,法衣,ノーマル,8,,,,,,,,,,,,,,,,
615,法衣,レア1,1,シープガープ,しープがーぷ,,[4/5]魔法に強い　[抵抗]眠り抵抗,"1,000GP",,,10,,,10,,,,,
616,法衣,レア1,2,ニンジャガープ,にんじゃがーぷ,森林魔性の呂布戦魔性のレバノンの森アイテム合成,[4/5]魔法に強い　[耐性]眠り耐性,"20,000GP",,,22,10,,22,,,,,
617,法衣,レア1,3,ナイトクローク,ないとくろーく,伝説の平原マチェス遺跡魔性のアマゾネス領,[4/5]魔法に強い　[才能]魔法防御力,"40,000GP",,,28,10,,28,,,,,
618,法衣,レア1,4,パラディンクローク,ぱらでぃんくろーく,魔性の大盗賊団伝説のラルバ遺跡伝説のローズウェル傭兵団,[4/5]魔法に強い,"80,000GP",10,,60,,,60,,,60,,
619,法衣,レア1,5,司祭の法衣,しさいのほうい,大盗賊団,[4/5]魔法に強い,"120,000GP",,,80,,,80,,,,,80
620,法衣,レア1,6,力士の帯,りきしのおび,伝説の山道盗賊迎撃戦,[4/5]魔法に強い　[無能]魔法攻撃力,"160,000GP",,,60,,,60,,,60,,
621,法衣,レア1,7,献身の衣,けんしんのころも,古館魔性のノーム領,[4/5]魔法に強い　[弱点]攻撃に弱い,"240,000GP",,,80,,,80,,,,,160
622,法衣,レア1,8,ねじりはちまき,ねじりはちまき,アイテム合成,[4/5]魔法に強い　[1.1倍]格闘1.1倍　[1.2倍]格闘1.2倍　[1.3倍]格闘1.3倍,"980,000GP",,80,,,,,,,80,,
623,法衣,レア2,1,マジカルローブ,まじかるろーぶ,魔性の魔獣の森,[4/5]魔法に強い,"180,000GP",,,120,,,120,,,,,
624,法衣,レア2,2,白のマント,しろのまんと,伝説の魔獣の森,[4/5]魔法に強い,"480,000GP",,,80,,,80,,,60,,
625,法衣,レア2,3,黒のマント,くろのまんと,黒雲山,[4/5]魔法に強い,"480,000GP",60,,80,,60,80,,,,,
626,法衣,レア2,4,毛皮のコート,けがわのこーと,大森林の決戦,[4/5]魔法に強い,"650,000GP",,,72,,,72,,,45,,
627,法衣,レア2,5,聖なる法衣,せいなるほうい,魔性のノーム領,[4/5]魔法に強い　[-5%]魔法ダメージ軽減(%),"720,000GP",,,110,,,110,,,30,,110
628,法衣,レア2,6,クルセイダークローク,くるせいだーくろーく,伝説のノーム領,[4/5]魔法に強い　[-3%]魔法ダメージ軽減(%)　[+60]防御力アップ,"780,000GP",25,,90,,,90,,,80,,
629,法衣,レア2,7,影のローブ,かげのろーぶ,,[4/5]魔法に強い　[-6%]魔法ダメージ軽減(%)　[才能]回避能力,"770,000GP",,,99,77,,99,,,,,
630,法衣,レア2,8,,,,,,,,,,,,,,,,
631,法衣,レア2,9,ルミナスローブ,るみなすろーぶ,アイテム合成,[4/5]魔法に強い,"1,200,000GP",60,,120,,60,120,,,40,,60
632,法衣,レア2,10,ルナティックローブ,るなてぃっくろーぶ,アイテム合成,[4/5]魔法に強い,"1,400,000GP",40,,180,,40,180,,,40,,80
633,法衣,レア2,11,,,,,,,,,,,,,,,,
634,法衣,レア2,12,エーテルマント,えーてるまんと,伝説の氷雷山（頂上）,[4/5]魔法に強い　[15%]魔法攻撃力→HP,"2,500,000GP",-500,250,100,,,100,,,,,
635,法衣,レア3,1,,,,,,,,,,,,,,,,
636,法衣,レア3,2,,,,,,,,,,,,,,,,
637,法衣,レア3,3,,,,,,,,,,,,,,,,
638,法衣,レア3,4,,,,,,,,,,,,,,,,
639,法衣,レア3,5,マスターローブ,ますたーろーぶ,伝説のヒドラ火山,[4/5]魔法に強い　[-6%]魔法ダメージ軽減(%)　[-7%]魔法ダメージ軽減(%)　[耐性]眠り耐性,"2,500,000GP",,,180,50,,180,,,80,,
640,法衣,レア3,6,ミラクルローブ,みらくるろーぶ,伝説の魏王宮,[4/5]魔法に強い　[-10%]魔法ダメージ軽減(%)　[2/3]クリティカル・ガード,"3,000,000GP",,,155,99,,155,,,,,
641,法衣,レア3,7,魔侯爵の衣,まこうしゃくのころも,マレフィムの丘ファミリアの町,[4/5]魔法に強い　[-11%]魔法ダメージ軽減(%)　[+6%]魔法威力の増減(%),"3,000,000GP",110,,190,,110,190,,,80,,100
642,法衣,レア3,8,,,,,,,,,,,,,,,,
643,法衣,レア3,9,偽りのローブ,いつわりのろーぶ,魔性のアマゾネス領,[4/5]魔法に強い　[-12%]魔法ダメージ軽減(%)　[2/3]貫通防御　[抵抗]眠り抵抗,"3,500,000GP",,,220,70,,220,,,90,,100
644,法衣,レア3,10,,,,,,,,,,,,,,,,
645,宝石,最高級,1,ダイヤモンド,だいやもんど,,運+3　[耐性]ニュークリア　[+20%]魔法威力の増減(%),"25,000,000GP",,,200,,,200,,,80,120,
646,宝石,最高級,2,サファイア,さふぁいあ,,敏捷+3　[耐性]サンダーボルト　[+19%]魔法威力の増減(%),"25,000,000GP",,80,200,40,,200,12.0,2.0,80,,
647,宝石,最高級,3,ラピスラズリ,らぴすらずり,,体力+3　[耐性]ブリザード　[+18%]魔法威力の増減(%),"25,000,000GP",,,200,,,200,,,80,,
648,宝石,最高級,4,エメラルド,えめらるど,,精神+3　[耐性]ファイヤーボール　[+17%]魔法威力の増減(%),"25,000,000GP",,,200,,,200,,,80,,300
649,宝石,最高級,5,ムーンストーン,むーんすとーん,,知恵+3　[耐性]マジックアロー　[+16%]魔法威力の増減(%),"25,000,000GP",120,,200,,120,200,,,80,,
650,宝石,最高級,6,ブラッドストーン,ぶらっどすとーん,,力+3　[耐性]マジックアロー　[+15%]魔法威力の増減(%),"25,000,000GP",100,40,200,,,200,6.0,,80,,
651,宝石,高級,1,ルビー,るびー,,力+1　体力+1　敏捷+1　[抵抗]ニュークリア　[1.1倍]ニュークリア,"10,000,000GP",40,40,150,40,,150,,,40,,
652,宝石,高級,2,アクアマリン,あくあまりん,,知恵+1　精神+1　運+1　[抵抗]サンダーボルト　[1.1倍]サンダーボルト,"10,000,000GP",40,,,20,40,,6.0,,40,40,60
653,宝石,高級,3,ガーネット,がーねっと,,力+1　精神+1　敏捷+1　[抵抗]ブリザード　[1.1倍]ブリザード,"10,000,000GP",40,40,150,40,,150,,,40,,60
654,宝石,高級,4,トパーズ,とぱーず,,知恵+1　体力+1　運+1　[抵抗]ファイヤーボール　[1.1倍]ファイヤーボール,"10,000,000GP",40,,150,,40,150,10.0,,40,40,
655,宝石,高級,5,ターコイズ,たーこいず,,力+1　知恵+1　精神+1　[抵抗]マジックアロー　[1.1倍]マジックアロー,"10,000,000GP",40,40,150,,40,150,,,40,,60
656,宝石,高級,6,アメジスト,あめじすと,,体力+1　敏捷+1　運+1　[抵抗]マジックアロー　[1.1倍]マジックアロー,"10,000,000GP",,40,40,40,,,6.0,,40,40,
657,宝石,中級,1,オブシディアン,おぶしでぃあん,,運+2　[無効]眠り無効　[-13%]魔法ダメージ軽減(%),"5,000,000GP",,,120,,,120,6.0,,,80,
658,宝石,中級,2,ブラックオパール,ぶらっくおぱーる,,敏捷+2　[1.1倍]神魔に特効　[-13%]魔法ダメージ軽減(%),"5,000,000GP",,30,,60,,,,1.0,,,
659,宝石,中級,3,オパール,おぱーる,,体力+2　[1.1倍]竜族に特効　[-13%]魔法ダメージ軽減(%),"5,000,000GP",,,120,,,120,,,80,,
660,宝石,中級,4,ジルコン,じるこん,,精神+2　[1.1倍]不死に特効　[-13%]魔法ダメージ軽減(%),"5,000,000GP",,,120,,,120,,,,,120
661,宝石,中級,5,トルマリン,とるまりん,,知恵+2　[1.1倍]人型に特効　[-13%]魔法ダメージ軽減(%),"5,000,000GP",80,,120,,80,120,,,,,
662,宝石,中級,6,パール,ぱーる,,力+2　[1.1倍]魔物に特効　[-13%]魔法ダメージ軽減(%),"5,000,000GP",60,30,120,,,120,,,,,
663,宝石,低級,1,クリスタル,くりすたる,,敏捷+1　運+1　[2/3]魔法に強い　[個性+]慎重,"2,500,000GP",,,100,40,,100,4.0,,,40,
664,宝石,低級,2,キャッツアイ,きゃっつあい,,体力+1　運+1　[2/3]魔法に強い　[個性+]正直者,"2,500,000GP",,,100,,,100,,,40,20,
665,宝石,低級,3,アレクサンドライト,あれくさんどらいと,,精神+1　運+1　[2/3]魔法に強い　[個性+]賭け事は嫌い,"2,500,000GP",,,100,20,,100,6.0,,,40,60
666,宝石,低級,4,マカライト,まからいと,,知恵+1　運+1　[2/3]魔法に強い　[個性+]武具に無関心,"2,500,000GP",40,,100,,40,100,6.0,,,40,
667,宝石,低級,5,ローズクォーツ,ろーずくぉーつ,,力+1　運+1　[2/3]魔法に強い　[個性+]博識,"2,500,000GP",40,20,100,,,100,4.0,,,40,
668,宝石,低級,6,ヘリオライト,へりおらいと,,体力+1　敏捷+1　[2/3]魔法に強い　[個性+]容姿端麗,"2,500,000GP",,,100,40,,100,,,40,,
669,宝石,低級,7,アパタイト,あぱたいと,,精神+1　敏捷+1　[2/3]魔法に強い　[個性+]すり足,"2,500,000GP",,,100,40,,100,,1.0,,,60
670,宝石,低級,8,インカローズ,いんかろーず,,知恵+1　敏捷+1　[2/3]魔法に強い　[個性+]博愛主義,"2,500,000GP",40,30,100,30,40,100,,,,,
671,宝石,低級,9,クォーツ,くぉーつ,,力+1　敏捷+1　[2/3]魔法に強い　[個性+]機械の知識がある,"2,500,000GP",40,40,100,20,,100,,,,,
672,宝石,低級,10,マーブル,まーぶる,,精神+1　体力+1　[2/3]魔法に強い　[個性+]食が細い,"2,500,000GP",,,100,,,100,,,40,,60
673,宝石,低級,11,アマゾナイト,あまぞないと,,知恵+1　体力+1　[2/3]魔法に強い　[個性+]交渉上手,"2,500,000GP",40,,100,,40,100,,,40,,
674,宝石,低級,12,アンモライト,あんもらいと,,力+1　体力+1　[2/3]魔法に強い　[個性+]自然が好き,"2,500,000GP",40,,100,,,100,,,40,,
675,宝石,低級,13,スピネル,すぴねる,,知恵+1　精神+1　[2/3]魔法に強い　[個性+]魔術に詳しい,"2,500,000GP",40,,100,,40,100,,,,,60
676,宝石,低級,14,タイガーズアイ,たいがーずあい,,力+1　精神+1　[2/3]魔法に強い　[個性+]力持ち,"2,500,000GP",40,20,100,,,100,,,,,60
677,宝石,低級,15,タンザナイト,たんざないと,,力+1　知恵+1　[2/3]魔法に強い　[個性+]忍び足,"2,500,000GP",40,20,100,,40,100,,,,,
678,宝石,最下級,1,フローライト,ふろーらいと,,運+1　[4/5]魔法に強い　[5%]魔法回復量→HP,"1,000,000GP",20,,80,,20,80,,,,20,20
679,宝石,最下級,2,ヘリオドール,へりおどーる,,敏捷+1　[4/5]魔法に強い　[5%]魔法攻撃力→命中精度,"1,000,000GP",,,80,20,,80,,,20,,
680,宝石,最下級,3,ペリドット,ぺりどっと,,体力+1　[4/5]魔法に強い　[-5%]物理ダメージ軽減(%),"1,000,000GP",20,20,80,,,80,4.0,,,,
681,宝石,最下級,4,ユークレース,ゆーくれーす,,精神+1　[4/5]魔法に強い　[5%]魔法回復量→魔法防御力,"1,000,000GP",,,80,,,80,,,20,20,
682,宝石,最下級,5,カーネリアン,かーねりあん,,知恵+1　[4/5]魔法に強い　[5%]魔法攻撃力→攻撃力,"1,000,000GP",20,,80,,20,80,,,,,20
683,宝石,最下級,6,サンストーン,さんすとーん,,力+1　[4/5]魔法に強い　[5%]魔法回復量→攻撃力,"1,000,000GP",,,80,20,,80,,,,,
684,宝石,最下級,7,セレスタイト,せれすたいと,,運+1　[4/5]魔法に強い　[+5]必殺率アップ,"1,000,000GP",,,80,,,80,4.0,1.0,,,
685,宝石,最下級,8,チタナイト,ちたないと,,敏捷+1　[4/5]魔法に強い　[5%]魔法回復量→命中精度,"1,000,000GP",20,20,80,,,80,,,,,
686,宝石,最下級,9,アズライト,あずらいと,,体力+1　[4/5]魔法に強い　[5%]防御力→HP,"1,000,000GP",,,80,,,80,,,40,,
687,宝石,最下級,10,アンバー,あんばー,,精神+1　[4/5]魔法に強い　[5%]魔法回復量→魔法攻撃力,"1,000,000GP",,,80,,,80,,,,40,
688,宝石,最下級,11,カイヤナイト,かいやないと,,知恵+1　[4/5]魔法に強い　[5%]魔法攻撃力→HP,"1,000,000GP",,,80,,,80,,,,,60
689,宝石,最下級,12,ジェダイト,じぇだいと,,力+1　[4/5]魔法に強い　[5%]攻撃力→HP,"1,000,000GP",40,,80,,40,80,,,,,
690,宝石,最下級,13,ハイアシンス,はいあしんす,,運+1　[4/5]魔法に強い　[+5%]必殺威力の増減(%),"1,000,000GP",,,80,40,,80,,,,,
691,宝石,最下級,14,パイロープ,ぱいろーぷ,,敏捷+1　[4/5]魔法に強い　[-5%]ブレスダメージ軽減(%),"1,000,000GP",,,80,,,80,,,,,
692,宝石,最下級,15,モルガナイト,もるがないと,,体力+1　[4/5]魔法に強い　[+5%]ブレス威力の増減(%),"1,000,000GP",,,80,,,80,,1.0,,,
693,宝石,最下級,16,ルチル,るちる,,精神+1　[4/5]魔法に強い　[-5%]魔法ダメージ軽減(%),"1,000,000GP",,,80,,,80,6.0,,,,
694,宝石,最下級,17,アイオライト,あいおらいと,,知恵+1　[4/5]魔法に強い　[+5%]魔法威力の増減(%),"1,000,000GP",,40,80,,,80,,,,,
695,宝石,最下級,18,ヴィリュアイト,う゛ぃりゅあいと,,力+1　[4/5]魔法に強い　[+5%]攻撃威力の増減(%),"1,000,000GP",40,,80,,,80,,,,,
696,宝石,最下級,19,カルサイト,かるさいと,,運+1　[4/5]魔法に強い　[才能]必殺率,"1,000,000GP",,,80,,,80,,,,,
697,宝石,最下級,20,クンツァイト,くんつぁいと,,敏捷+1　[4/5]魔法に強い　[才能]回避能力,"1,000,000GP",,,80,,,80,,,,,
698,宝石,最下級,21,スフェーン,すふぇーん,,体力+1　[4/5]魔法に強い　[才能]防御力,"1,000,000GP",,,80,,,80,,,,,
699,宝石,最下級,22,ゾイサイト,ぞいさいと,,力+1　[4/5]魔法に強い　[才能]攻撃力,"1,000,000GP",,,80,,,80,,,,,
700,宝石,最下級,23,トリフェーン,とりふぇーん,,知恵+1　[4/5]魔法に強い　[才能]魔法攻撃力,"1,000,000GP",,,80,,,80,,,,,
701,宝石,最下級,24,プラシオライト,ぷらしおらいと,,精神+1　[4/5]魔法に強い　[才能]魔法回復量,"1,000,000GP",,,80,,,80,,,,,
702,その他,罠解除,1,盗賊の小道具,とうぞくのこどうぐ,,,100GP,,,,,,,,,,20,
703,その他,罠解除,2,大盗賊の小道具,だいとうぞくのこどうぐ,,,"2,500GP",,,,,,,,,,30,
704,その他,罠解除,3,怪盗の小道具,かいとうのこどうぐ,,,"12,500GP",,,,,,,,,,40,
705,その他,罠解除,4,大怪盗の小道具,だいかいとうのこどうぐ,,,"60,000GP",,,,,,,,,,60,
706,その他,罠解除,5,忍者の小道具,にんじゃのこどうぐ,,,"300,000GP",,,,,,,,,,80,
707,その他,罠解除,6,隠遁者の小道具,いんとくしゃのこどうぐ,,,"1,200,000GP",,,,,,,,,,120,
708,その他,罠解除,7,ピッキングツール,ぴっきんぐつーる,盗賊迎撃戦伝説の大森林の決戦,[才能]罠解除能力,"500,000GP",,,,,,,,,,150,
709,その他,HP1,1,生命の護符40,せいめいのごふ40,,,"1,000GP",,,,,,,,,40,,
710,その他,HP1,2,生命の護符60,せいめいのごふ60,アイテム合成,,"5,000GP",,,,,,,,,60,,
711,その他,HP1,3,生命の護符80,せいめいのごふ80,アイテム合成,,"10,000GP",,,,,,,,,80,,
712,その他,HP1,4,生命の護符100,せいめいのごふ100,古館伝説の帝都防衛戦アイテム合成,,"20,000GP",,,,,,,,,100,,
713,その他,HP1,5,生命の護符150,せいめいのごふ150,魔性のホルン遺跡伝説のラルバ遺跡アイテム合成,,"50,000GP",,,,,,,,,150,,
714,その他,HP2,1,神秘の石,しんぴのいし,川沿い魔性のサイボーグ研究所レバノンの森,[10%]回復能力Lv2,"200,000GP",,,,,,,,,,,
715,その他,HP2,2,賢者の石,けんじゃのいし,エルフの森魔性の魏王宮死神の遺跡,[不死]アンデッド,"2,000,000GP",,,,,,,,,,,
716,その他,HP2,3,吸血鬼の杯,きゅうけつきのはい,古館伝説の雪山の戦い魔性の霧の森伝説のファミリアの町,[5%]回復能力Lv1　[4%]吸収能力Lv1　[吸血]吸血衝動,"500,000GP",,,,,,,,,,,
717,その他,HP2,4,恐竜の卵,きょうりゅうのたまご,川沿い魔性の大平原,[戦術]鈍足行動,"500,000GP",,,,,,,,,300,,
718,その他,HP2,5,,,,,,,,,,,,,,,,
719,その他,HP2,6,サキュバスリップ,さきゅばすりっぷ,魔性の森の地下,[4%]吸収能力Lv1　[0.33]取得GP,"1,000,000GP",,,,,,,,,,,
720,その他,HP2,7,緑の薬,みどりのくすり,伝説のレバノンの森,[弱点]魔法に弱い　[弱点]ブレスに弱い　[3/4]攻撃に強い,"150,000GP",,,,,,,,,100,,
721,その他,HP2,8,ルナストーン,るなすとーん,迷いの森,[12%]全体回復Lv4,"4,000,000GP",,,,,,,,,,,100
722,その他,HP2,9,,,,,,,,,,,,,,,,
723,その他,HP2,10,,,,,,,,,,,,,,,,
724,その他,HP2,11,怪力の薬,かいりきのくすり,霧の森ファミリアの町,[+160]攻撃力アップ,"4,000,000GP",,,,,,,,,160,,
725,その他,HP2,12,,,,,,,,,,,,,,,,
726,その他,HP2,13,,,,,,,,,,,,,,,,
727,その他,HP2,14,癒しの指輪,いやしのゆびわ,霧の森,[5%]回復能力Lv1,"500,000GP",,,,,,,-2.0,,80,,
728,その他,獲得系,1,頭陀袋,ずだぶくろ,平原,[1.50]獲得経験値　[0.66]取得GP,100GP,,,,,,,,,,,
729,その他,獲得系,2,座敷童子の頭巾,ざしきわらしのずきん,姥捨山,[1.20]取得GP,"10,000GP",,,,,,,,,,,
730,その他,獲得系,3,貯金箱,ちょきんばこ,アイテム合成,[戦術]重装　[1.60]取得GP,"25,000GP",,,,,,,,,,,
731,その他,獲得系,4,幸運のコイン,こううんのこいん,スライムの洞窟,[1.40]獲得経験値,"10,000GP",,,,,,,,,,,
732,その他,獲得系,5,奇跡のコイン,きせきのこいん,ラッキーラビットシルバーラビット,[1.80]獲得経験値,"9,999,999GP",,,,,,,,,,,
733,その他,獲得系,6,パワードギブス,ぱわーどぎぶす,アマゾネス領,[1.20]獲得経験値　[戦術]重装,"300,000GP",-80,-80,-80,-80,-80,-80,-20.0,-3.0,,,-80
734,その他,獲得系,7,,,,,,,,,,,,,,,,
735,その他,獲得系,8,,,,,,,,,,,,,,,,
736,その他,獲得系,9,,,,,,,,,,,,,,,,
737,その他,獲得系,10,,,,,,,,,,,,,,,,
738,その他,獲得系,11,,,,,,,,,,,,,,,,
739,その他,獲得系,12,,,,,,,,,,,,,,,,
740,その他,獲得系,13,八尺瓊勾玉,やさかにのまがたま,魏王宮,[1.45]名称付き　[-8%]魔法ダメージ軽減(%)　[+15%]魔法威力の増減(%),"2,500,000GP",,,,,,,,,,,
741,その他,獲得系,14,,,,,,,,,,,,,,,,
742,その他,獲得系,15,,,,,,,,,,,,,,,,
743,その他,獲得系,16,ブレイブハート,ぶれいぶはーと,コロシアム,[1.60]獲得経験値,"4,000,000GP",,,,,,,,,80,,
744,その他,獲得系,17,王家の指輪,おうけのゆびわ,アイテム合成,体力+1　運+1　[1.40]獲得経験値　[+5%]アイテム獲得+,"1,500,000GP",15,15,15,15,15,15,-3.0,,80,,15
745,その他,獲得系,18,ニーベルングの指輪,にーべるんぐのゆびわ,魔性のコロシアム,運+2　[1.80]取得GP,"1,500,000GP",,,,,,,-3.0,,80,,
746,その他,獲得系,19,支配者の指輪,しはいしゃのゆびわ,アイテム合成,運+2　[戦術]物理結界Lv1,"5,000,000GP",40,40,40,40,40,40,-4.0,,80,,40
747,その他,ブレス系,1,火竜の秘石,かりゅうのひせき,魔性の山道竜の谷伝説の魔獣の森魔性の竜の狩り場魏王宮魔性の黄山森の地下,[戦術]ファイヤーブレス　[2/3]ブレス弱化,"200,000GP",,,,,,,,,,,
748,その他,ブレス系,2,氷竜の秘石,ひょうりゅうのひせき,魔性のシュケルプ湖氷雷山,[戦術]コールドブレス　[2/3]ブレス弱化,"200,000GP",,,,,,,,,,,
749,その他,ブレス系,3,雷竜の秘石,らいりゅうのひせき,伝説の姥捨山氷雷山（中腹）空中遺跡,[戦術]サンダーブレス　[2/3]ブレス弱化,"200,000GP",,,,,,,,,,,
750,その他,ブレス系,4,氷のオーブ,こおりのおーぶ,伝説の霧の森伝説のファミリアの町,[戦術]コールドブレス,"500,000GP",,,,,,,,,,,
751,その他,ブレス系,5,竜薬,りゅうやく,伝説のヒドラ火山,[+15%]ブレス威力の増減(%)　[+90]攻撃力アップ,"800,000GP",,,,,,,,,150,,
752,その他,ブレス系,6,炎を司る悪魔像,ほのおをつかさどるあくまぞう,森の地下,[+5%]ブレス威力の増減(%)　[戦術]ファイヤーブレス,"2,500,000GP",,,,,,,,,,,
753,その他,ブレス系,7,悪魔の吐息,あくまのといき,森の地下,[戦術]ブレス増幅Lv2,"2,500,000GP",,,,,,,,,,,
754,その他,ブレス系,8,,,,,,,,,,,,,,,,
755,その他,ブレス系,9,ドラゴンオーブ,どらごんおーぶ,魔性の竜の狩り場,[1.2倍]ブレス強化　[戦術]サンダーブレス,"3,500,000GP",,,,,,,,,150,,
756,その他,ブレス系,10,,,,,,,,,,,,,,,,
757,その他,ブレス系,11,,,,,,,,,,,,,,,,
758,その他,ブレス系,12,,,,,,,,,,,,,,,,
759,その他,杖,1,癒しの杖,いやしのつえ,,[習得]ヒール　[2.0倍]ヒール　[半減]魔法回復量　[1.6倍]不死に特効,"2,000GP",,,,,,,,,,,50
760,その他,杖,2,回復の杖,かいふくのつえ,,[習得]ヒールプラス　[2.0倍]ヒールプラス　[半減]魔法回復量　[1.6倍]不死に特効,"5,000GP",,,,,,,,,,,50
761,その他,杖,3,神秘の杖,しんぴのつえ,,[習得]パーティヒール　[半減]魔法回復量　[半減]魔法攻撃力　[1.6倍]不死に特効,"20,000GP",,,,,,,,,,,50
762,その他,杖,4,魔導士の杖,まどうしのつえ,,[習得]マジックアロー　[1.6倍]マジックアロー　[+80]魔法攻撃力アップ　[半減]魔法攻撃力,"2,000GP",20,,,,20,,,,,,
763,その他,杖,5,爆炎の杖,ばくえんのつえ,,[習得]ファイヤーボール　[1.6倍]ファイヤーボール　[+80]魔法攻撃力アップ　[半減]魔法攻撃力,"4,000GP",20,,,,20,,,,,,
764,その他,杖,6,吹雪の杖,ふぶきのつえ,,[習得]ブリザード　[1.6倍]ブリザード　[+80]魔法攻撃力アップ　[半減]魔法攻撃力,"8,000GP",20,,,,20,,,,,,
765,その他,杖,7,稲妻の杖,いなづまのつえ,,[習得]サンダーボルト　[1.6倍]サンダーボルト　[+80]魔法攻撃力アップ　[半減]魔法攻撃力,"10,000GP",20,,,,20,,,,,,
766,その他,杖,8,核の杖,かくのつえ,魔性の大盗賊団,[習得]ニュークリア　[1.6倍]ニュークリア　[+80]魔法攻撃力アップ　[半減]魔法攻撃力,"20,000GP",20,,,,20,,,,,,
767,その他,補助1,1,守護のオーブ,しゅごのおーぶ,,[習得]シールドバリア　[弱点]攻撃に弱い　[弱点]ブレスに弱い,"10,000GP",,,20,,,20,,,,,
768,その他,補助1,2,結界のオーブ,けっかいのおーぶ,,[習得]マジックバリア　[弱点]魔法に弱い,"10,000GP",,,20,,,20,,,,,
769,その他,補助1,3,軍神のオーブ,ぐんしんのおーぶ,,[習得]アタックアップ　[半減]攻撃力　[半減]防御力,"10,000GP",,,20,,,20,,,,,
770,その他,補助2,1,行商人お断りの札,ぎょうしょうにんおことわりのふだ,,[拒否]行商人お断り,100GP,,,,,,,,,,,
771,その他,補助2,2,ロケットブーツ,ろけっとぶーつ,地下坑道,[戦術]高速行動　[0.8倍]攻撃威力　[0.8倍]魔法威力,"500,000GP",,,,50,,,,,,,
772,その他,補助2,3,雪女の結晶,ゆきおんなのけっしょう,魔性の氷雷山,[1.4倍]ブリザード　[弱点]ファイヤーボール,"1,200,000GP",60,,,,60,,,,,,
773,その他,補助2,4,隠れ蓑,かくれみの,ローズウェル傭兵団霧の森ファミリアの町,[無効]反撃無効　[半減]攻撃力,"500,000GP",,,,,,,,,,,
774,その他,補助2,5,なぞなぞ,なぞなぞ,森の地下,[1.4倍]格闘1.4倍　[+200]魔法防御力アップ　[抵抗]眠り抵抗　[10%]魔法回復量→魔法攻撃力,"600,000GP",,,,,,,,,,,
775,その他,補助2,6,,,,,,,,,,,,,,,,
776,その他,補助2,7,八咫鏡※女性専用,やたのかがみ※じょせいせんよう,魏王宮,[戦術]魔法結界Lv1,"2,500,000GP",,,,,,,,,,,
777,その他,補助2,8,狂宴の杯,きょうえんのはい,マレフィムの丘ファミリアの町,[1.4倍]マジックアロー　[弱点]攻撃に弱い,"2,000,000GP",,,,,,,,,,,
778,その他,補助2,9,ロケットブースター,ろけっとぶーすたー,アイテム合成,[戦術]高速行動,"2,500,000GP",,,,100,,,,,,,
779,その他,補助2,10,,,,,,,,,,,,,,,,
780,その他,補助2,11,屈せぬ心,くっせぬこころ,レバノンの森黄金宮殿,[x2.0]反骨精神,"4,000,000GP",,,,,,,,,,,
781,その他,補助2,12,天駆ける戦車,てんかけるせんしゃ,伝説のアマゾネス領,[戦術]単騎突撃　[弱点]魔法に弱い　[弱点]攻撃に弱い　[半減]魔法攻撃力,"10,000,000GP",,,,,,,,,,,
782,その他,補助2,13,,,,,,,,,,,,,,,,
783,その他,補助2,14,先制の指輪,せんせいのゆびわ,平原,[戦術]先制攻撃,"20,000GP",,,,,,,,,,,
784,その他,補助2,15,鈍足の指輪,どんそくのゆびわ,廃墟,[戦術]待機攻撃,"10,000GP",,,,,,,,,,,
785,その他,指輪1,1,力の指輪,ちからのゆびわ,ヒドラ火山,力+1,"500,000GP",80,,,,,,-2.0,,40,,
786,その他,指輪1,2,精神の指輪,せいしんのゆびわ,大森林の決戦,精神+1,"500,000GP",,,,,,,-2.0,,40,,120
787,その他,指輪1,3,知恵の指輪,ちえのゆびわ,霧の森,知恵+1,"500,000GP",80,,,,80,,-2.0,,40,,
788,その他,指輪1,4,体力の指輪,たいりょくのゆびわ,魔性の魏王宮黄山魔性の鳥居,体力+1,"500,000GP",,,,,,,-2.0,,120,,
789,その他,指輪1,5,敏捷の指輪,びんしょうのゆびわ,ファミリアの町,敏捷+1,"500,000GP",,80,,,,,-2.0,,40,,
790,その他,指輪1,6,運の指輪,うんのゆびわ,レバノンの森,運+1,"500,000GP",,,,,,,-2.0,,40,100,
791,その他,指輪2,1,守りの指輪,まもりのゆびわ,コロシアム,体力+1,"500,000GP",,,80,,,,-2.0,,60,,
792,その他,指輪2,2,保護の指輪,ほごのゆびわ,クロノス神殿,精神+1,"500,000GP",,,80,,,80,-2.0,,60,,
793,その他,指輪2,3,みかわしの指輪,みかわしのゆびわ,,敏捷+1,"500,000GP",,,,80,,,-2.0,,60,,
794,その他,指輪2,4,悪魔の指輪,あくまのゆびわ,伝説の死神の遺跡,力+1　知恵+1,"1,500,000GP",120,,,,120,,-3.0,,80,,
795,その他,指輪2,5,,,,,,,,,,,,,,,,
796,その他,指輪2,6,命中の指輪,めいちゅうのゆびわ,魔性のコロシアム,敏捷+2　[+150]命中精度アップ　[+100]命中精度アップ　[半減]魔法攻撃力,"3,500,000GP",,150,,,,,-4.0,3.0,80,,
797,その他,指輪2,7,魔力の指輪,まりょくのゆびわ,魔性のマレフィムの丘魔性のファミリアの町,知恵+2　[+150]魔法攻撃力アップ　[+100]魔法攻撃力アップ　[半減]攻撃力,"3,500,000GP",150,,,,150,,-5.0,,80,,
798,その他,指輪3,1,生贄の指輪,いけにえのゆびわ,ファミリアの町,知恵+1　精神+1　[-15%]HPダメージLv3　[呪縛]生贄,"3,500,000GP",,,120,,,120,-5.0,,80,,
799,その他,指輪3,2,堕天使の指輪,だてんしのゆびわ,伝説の森の地下,知恵+1　精神+1　体力+1　運+1　[1.4倍]サンダーボルト　[弱点]サンダーボルト　[戦術]冷撃増幅Lv2,"10,000,000GP",120,-150,120,,120,120,-5.0,,120,,200
800,その他,指輪3,3,,,,,,,,,,,,,,,,
801,その他,指輪3,4,不和の指輪,ふわのゆびわ,伝説の霧の森,力+2　知恵+1　敏捷+1　[弱点]攻撃に弱い　[弱点]魔法に弱い　[戦術]殺戮の宴　[耐性]眠り耐性　[抵抗]眠り抵抗,"10,000,000GP",120,120,,-120,120,,-5.0,,120,,
802,その他,指輪3,5,神獣の指輪,しんじゅうのゆびわ,伝説の黄山,精神+1　敏捷+2　運+1　[戦術]サンダーブレス　[弱点]眠りに弱い　[戦術]雷撃増幅Lv2,"10,000,000GP",-120,,80,150,-120,80,-5.0,,100,,150
803,その他,指輪3,6,嫉妬の指輪,しっとのゆびわ,伝説の霧の森伝説のファミリアの町,力+1　知恵+1　体力+2　[1.4倍]ファイヤーボール　[弱点]必殺に弱い　[戦術]魔矢増幅Lv2,"10,000,000GP",150,,-120,,150,-120,-5.0,,120,,-120
804,その他,指輪3,7,冥界の指輪,めいかいのゆびわ,伝説のレバノンの森伝説の黄金宮殿,力+1　知恵+1　精神+1　体力+1　敏捷+1　運+1　[戦術]コールドブレス　[弱点]ブレスに弱い　[戦術]核撃増幅Lv2,"10,000,000GP",,120,120,120,,120,-6.0,,150,,120
805,その他,指輪3,8,,,,,,,,,,,,,,,,
806,種族専用装備（その他）,人間専用,1,おまもり※人間専用,おまもり※にんげんせんよう,,運+2　[2/3]クリティカル・ガード　[2/3]貫通防御　[-25%]混乱に強い,"500,000GP",,,,10,,,,,,,
807,種族専用装備（その他）,人間専用,2,身体強化術※人間専用,しんたいきょうかじゅつ※にんげんせんよう,魔性のヒドラ火山,力+1　知恵+1　精神+1　体力+1　敏捷+1,"5,000,000GP",,,,,,,,,200,,
808,種族専用装備（その他）,人間専用,3,物理結界※男性専用※人間専用,ぶつりけっかい※だんせいせんよう※にんげんせんよう,,[戦術]物理結界Lv1,"10,000,000GP",,,,,,,,,,,
809,種族専用装備（その他）,人間専用,4,魔法結界※女性専用※人間専用,まほうけっかい※じょせいせんよう※にんげんせんよう,,[戦術]魔法結界Lv1,"10,000,000GP",,,,,,,,,,,
810,種族専用装備（その他）,ピグミーチャム専用,1,奇妙なしっぽ※ピグミーチャム専用,きみょうなしっぽ※ぴぐみーちゃむせんよう,,運+1　[+100]回避能力アップ,"500,000GP",,,25,50,,25,,1.0,,,
811,種族専用装備（その他）,ピグミーチャム専用,2,処世術※ピグミーチャム専用,しょせいじゅつ※ぴぐみーちゃむせんよう,魔性のクロノス神殿,[無効]反撃無効,"5,000,000GP",,,,,,,,,,,
812,種族専用装備（その他）,ノーム専用,1,とんがり帽子※ノーム専用,とんがりぼうし※のーむせんよう,,精神+1　[+100]魔法防御力アップ,"500,000GP",20,,20,20,20,20,,,,,20
813,種族専用装備（その他）,ノーム専用,2,暗黒教典※ノーム専用,あんこくきょうてん※のーむせんよう,ノーム領,[戦術]アンチ・ヒーリング,"5,000,000GP",,,,,,,,,,,
814,種族専用装備（その他）,ノーム専用,3,精霊の守護※男性専用※ノーム専用,せいれいのしゅご※だんせいせんよう※のーむせんよう,,[戦術]魔法結界Lv2,"10,000,000GP",,,,,,,,,,,
815,種族専用装備（その他）,ドワーフ専用,1,鍛冶ハンマー※ドワーフ専用,かじはんまー※どわーふせんよう,地下坑道,力+1　[+100]防御力アップ,"500,000GP",40,,40,,,,,,,,
816,種族専用装備（その他）,ドワーフ専用,2,斧銃技師※ドワーフ専用,ふじゅうぎし※どわーふせんよう,,[戦術]斧銃技師　[侍Lv15]一撃必殺,"5,000,000GP",,,,,,,,,,,
817,種族専用装備（その他）,ドワーフ専用,3,削岩の秘術※男性専用※ドワーフ専用,さくがんのひじゅつ※だんせいせんよう※どわーふせんよう,,[戦術]核撃増幅Lv2,"10,000,000GP",,,,,,,,,,,
818,種族専用装備（その他）,ダークエルフ専用,1,黒マスク※ダークエルフ専用,黒ますく※だーくえるふせんよう,,敏捷+1　[+110]命中精度アップ,"500,000GP",,50,,,,,10.0,,,,
819,種族専用装備（その他）,ダークエルフ専用,2,黒精炎術※男性専用※ダークエルフ専用,こくせいえんじゅつ※だんせいせんよう※だーくえるふせんよう,,[戦術]炎撃増幅Lv2,"5,000,000GP",100,,,,100,,,,,,
820,種族専用装備（その他）,,1,棺桶※吸血鬼専用,かんおけ※きゅうけつきせんよう,迷いの森,体力+1　[+100]防御力アップ,"500,000GP",20,,20,20,20,20,,,,,20
821,種族専用装備（その他）,,2,魔剣術※吸血鬼専用,まけんじゅつ※きゅうけつきせんよう,,[戦術]魔剣術,"5,000,000GP",,,,,,,,,,,
822,種族専用装備（その他）,,3,魔矢強化術※男性専用※吸血鬼専用,まやきょうかじゅつ※だんせいせんよう※きゅうけつきせんよう,,[戦術]魔矢増幅Lv2,"10,000,000GP",,,,,,,,,,,
823,種族専用装備（その他）,吸血鬼専用,1,風のささやき※エルフ専用,かぜのささやき※えるふせんよう,氷雷山,敏捷+1　[+150]魔法回復量アップ,"500,000GP",,,35,35,,35,,,,,35
824,種族専用装備（その他）,吸血鬼専用,2,白精冷術※女性専用※エルフ専用,しろせいれいじゅつ※じょせいせんよう※えるふせんよう,魏王宮,[戦術]冷撃増幅Lv2,"5,000,000GP",,,,,,,,,,,100
825,種族専用装備（その他）,エルフ専用,1,魔女の帽子※サイキック専用,まじょのぼうし※さいきっくせんよう,,知恵+1　[+100]魔法攻撃力アップ,"500,000GP",50,50,,,50,,,,,,
826,種族専用装備（その他）,サイキック専用,2,魔操身術※サイキック専用,まそうしんじゅつ※さいきっくせんよう,,[成長1.2倍]才能と努力,"5,000,000GP",,,,,,,,,150,,
827,種族専用装備（その他）,ワーキャット専用,1,ワイルドスカーフ※ワーキャット専用,わいるどすかーふ※わーきゃっとせんよう,,体力+1　[+100]回避能力アップ,"500,000GP",,,35,35,,35,,,,,
828,種族専用装備（その他）,ワーキャット専用,2,先天略奪者※ワーキャット専用,せんてんりゃくだつしゃ※わーきゃっとせんよう,霧の森,[1.2倍]その他装備,"5,000,000GP",,,,,,,,,,,
829,種族専用装備（その他）,ドラゴニュート専用,1,逆鱗※ドラゴニュート専用,げきりん※どらごにゅーとせんよう,竜の谷竜の狩り場,力+1　[+100]攻撃力アップ,"500,000GP",,50,,,,,10.0,,,,
830,種族専用装備（その他）,ドラゴニュート専用,2,竜の爪※ドラゴニュート専用,りゅうのつめ※どらごにゅーとせんよう,,[+150]攻撃力アップ　[+150]防御力アップ　[+150]魔法防御力アップ,"5,000,000GP",,,,,,,,,,,
831,種族専用装備（その他）,ドラゴニュート専用,3,竜神の攻め※女性専用※ドラゴニュート専用,りゅうじんのせめ※じょせいせんよう※どらごにゅーとせんよう,,[戦術]ブレス増幅Lv2,"10,000,000GP",,,,,,,,,,,
832,種族専用装備（その他）,ドラゴニュート専用,4,竜神の守り※女性専用※ドラゴニュート専用,りゅうじんのまもり※じょせいせんよう※どらごにゅーとせんよう,,[戦術]ブレス結界Lv2,"10,000,000GP",,,,,,,,,,,
833,種族専用装備（その他）,アマゾネス専用,1,アルテミスの首飾り※アマゾネス専用,あるてみすのくびかざり※あまぞねすせんよう,魔獣の森,精神+1　[+110]命中精度アップ,"500,000GP",,,,,,,5.0,,,,80
834,種族専用装備（その他）,アマゾネス専用,2,剣と弓術※アマゾネス専用,けんとゆみじゅつ※あまぞねすせんよう,アマゾネス領,[戦術]遠近両用,"5,000,000GP",,80,,,,,,,,,
835,種族専用装備（その他）,アマゾネス専用,3,戦乙女の加護※女性専用※アマゾネス専用,いくさおとめのかご※じょせいせんよう※あまぞねすせんよう,,[戦術]物理結界Lv2,"10,000,000GP",,,,,,,,,,,
836,種族専用装備（その他）,魔像生物専用,1,魔核保護※魔造生物専用,まかくほご※まぞうせいぶつせんよう,魔性の死神の遺跡,[3/4]魔法に強い,"5,000,000GP",,,,,,,,,150,,
837,種族専用装備（その他）,鬼専用,1,金棒※鬼専用,かなぼう※おにせんよう,魔性のノーム領,[+50%]必殺威力の増減(%)　[半減]命中精度,"5,000,000GP",,,,,,,,,,,
838,種族専用装備（その他）,巨人専用,1,鉄拳制裁※巨人専用,てっけんせいさい※きょじんせんよう,魔性の空中遺跡,[戦術]鉄拳制裁,"5,000,000GP",,,,,,,,,,,
839,種族専用装備（その他）,巨人専用,2,ドラゴンスイング※巨人専用,どらごんすいんぐ※きょじんせんよう,,[戦術]ドラゴンスイング,"10,000,000GP",,,,,,,,,,,
840,種族専用装備（その他）,天狗専用,1,天狗の陣羽織※天狗専用,てんぐのじんばおり※てんぐせんよう,魔性の黄金宮殿,[2/3]ブレスに強い　[抵抗]ファイヤーボール　[+150]命中精度アップ,"5,000,000GP",,,40,40,,40,,,,,
841,種族専用装備（その他）,サイボーグ専用,1,ブースター※サイボーグ専用,ぶーすたー※さいぼーぐせんよう,魔性のレバノンの森,[戦術]高速行動,"5,000,000GP",,,,80,,,,,,,
842,種族専用装備（その他）,サイボーグ専用,2,HP増幅※サイボーグ専用,HPぞうふく※さいぼーぐせんよう,ヒドラ火山,[才能]最大HP,"5,000,000GP",,,,,,,,,150,,
843,種族専用装備（その他）,サイボーグ専用,3,狙撃仕様※サイボーグ専用,そげきしよう※さいぼーぐせんよう,魔性の大森林の決戦,[戦術]遠距離攻撃適正　[才能]命中精度,"5,000,000GP",,80,,,,,,,,,
844,種族専用装備（その他）,サイボーグ専用,4,ピットシステム※性別不明専用※サイボーグ専用,ぴっとしすてむ※せいべつふめいせんよう※さいぼーぐせんよう,,[戦術]雷撃増幅Lv2,"10,000,000GP",,,,,,,,,,,
845,種族専用装備（その他）,サイボーグ専用,5,機動装甲※サイボーグ専用,きどうそうこう※さいぼーぐせんよう,クロノス神殿,[戦術]重装無効,"20,000,000GP",,,80,,,,,,,,
846,合成アイテム,エクストラ,1,ウサギのしっぽ,うさぎのしっぽ,ラッキーラビットシルバーラビット,,"10,000GP",,,,,,,,,,,
847,合成アイテム,エクストラ,2,ジェル,じぇる,スライムの洞窟,,"10,000GP",,,,,,,,,,,
848,合成アイテム,エクストラ,3,ネバネバ,ねばねば,アイテム合成,,"10,000GP",,,,,,,,,,,
849,合成アイテム,エクストラ,4,絵本,えほん,迷いの森,,,,,,,,,,,,,
850,合成アイテム,エクストラ,5,,,,,,,,,,,,,,,,
851,合成アイテム,エクストラ,6,,,,,,,,,,,,,,,,
852,合成アイテム,エクストラ,7,,,,,,,,,,,,,,,,
853,合成アイテム,エクストラ,8,,,,,,,,,,,,,,,,
854,合成アイテム,エクストラ,9,雷神の帯,らいじんのおび,鳥居,,"10,000GP",,,,,,,,,,,
855,合成アイテム,エクストラ,10,,,,,,,,,,,,,,,,
856,合成アイテム,一章,1,謎の骨,なぞのほね,湿地,,"10,000GP",,,,,,,,,,,
857,合成アイテム,一章,2,棘鎌,きょくれん,森林,,"10,000GP",,,,,,,,,,,
858,合成アイテム,一章,3,岩鱗,がんりん,山道,,"10,000GP",,,,,,,,,,,
859,合成アイテム,一章,4,免許皆伝,めんきょかいでん,アジト,,"10,000GP",,,,,,,,,,,
860,合成アイテム,一章,5,黒い翼,くろいつばさ,廃墟,,"10,000GP",,,,,,,,,,,
861,合成アイテム,一章,6,伸びる蔦,のびるつた,姥捨山,,10.000GP,,,,,,,,,,,
862,合成アイテム,一章,7,銀のペンダント,ぎんのぺんだんと,エルフの森,,"10,000GP",,,,,,,,,,,
863,合成アイテム,一章,8,捕縛の鞍,ほばくのくら,シュケルプ湖,,"10,000GP",,,,,,,,,,,
864,合成アイテム,一章,9,チャンピオンベルト,ちゃんぴおんべると,大盗賊団,,"10,000GP",,,,,,,,,,,
865,合成アイテム,二章,1,ワイングラス,わいんぐらす,古館,,"10,000GP",,,,,,,,,,,
866,合成アイテム,二章,2,古代の石,こだいのいし,盗賊迎撃戦,,"10,000GP",,,,,,,,,,,
867,合成アイテム,二章,3,恐竜の牙,きょうりゅうのきば,川沿い,,"10,000GP",,,,,,,,,,,
868,合成アイテム,二章,4,燃えさかる布,もえさかるぬの,帝都防衛戦,,"10,000GP",,,,,,,,,,,
869,合成アイテム,二章,5,死のかけら,しのかけら,ホルン遺跡,,"10,000GP",,,,,,,,,,,
870,合成アイテム,二章,6,牛王の角,ぎゅうおうのつの,マチェス遺跡,,"10,000GP",,,,,,,,,,,
871,合成アイテム,二章,7,マナメタル,まなめたる,湖底遺跡,,"10,000GP",,,,,,,,,,,
872,合成アイテム,二章,8,銀の毛皮,ぎんのけがわ,魔獣の森,,"10,000GP",,,,,,,,,,,
873,合成アイテム,二章,9,象牙,ぞうげ,氷雷山（中腹）雪山の戦い,,"10,000GP",,,,,,,,,,,
874,合成アイテム,二章,10,赤竜の鱗,せきりゅうのうろこ,竜の谷,,"10,000GP",,,,,,,,,,,
875,合成アイテム,二章,11,氷竜の鱗,ひょうりゅうのうろこ,氷雷山,,"10,000GP",,,,,,,,,,,
876,合成アイテム,二章,12,黒竜の鱗,こくりゅうのうろこ,黒雲山,,"10,000GP",,,,,,,,,,,
877,合成アイテム,二章,13,緑竜の鱗,りょくりゅうのうろこ,地下坑道黄金宮殿,,"10,000GP",,,,,,,,,,,
878,合成アイテム,二章,14,雷竜の鱗,らいりゅうのうろこ,氷雷山（中腹）,,"10,000GP",,,,,,,,,,,
879,合成アイテム,二章,15,銀竜の鱗,ぎんりゅうのうろこ,氷雷山（尾根）,,"10,000GP",,,,,,,,,,,
880,合成アイテム,二章,16,金竜の鱗,きんりゅうのうろこ,氷雷山（頂上）,,"10,000GP",,,,,,,,,,,
881,合成アイテム,三章,1,メダリオン,めだりおん,ローズウェル傭兵団,,"10,000GP",,,,,,,,,,,
882,合成アイテム,三章,2,核廃棄物,かくはいきぶつ,サイボーグ研究所,,"10,000GP",,,,,,,,,,,
883,合成アイテム,三章,3,裏切りの杯,うらぎりのはい,ラルバ遺跡呂布戦,,"10,000GP",,,,,,,,,,,
884,合成アイテム,四章,1,ヒドラのしっぽ,ひどらのしっぽ,ヒドラ火山,,"10,000GP",,,,,,,,,,,
885,合成アイテム,四章,2,レバノンスギ,ればのんすぎ,レバノンの森,,"10,000GP",,,,,,,,,,,
886,合成アイテム,四章,3,精霊の仮面,せいれいのかめん,ノーム領,,"10,000GP",,,,,,,,,,,
887,合成アイテム,四章,4,チタニウム,ちたにうむ,クロノス神殿,,"10,000GP",,,,,,,,,,,
888,合成アイテム,四章,5,執行者の証,しっこうしゃのあかし,アマゾネス領,,"10,000GP",,,,,,,,,,,
889,合成アイテム,四章,6,銀の車輪,ぎんのしゃりん,アマゾネス領,,"10,000GP",,,,,,,,,,,
890,合成アイテム,四章,7,盟友の杯,めいゆうのはい,レバノンの森,,"10,000GP",,,,,,,,,,,
891,合成アイテム,四章,8,獅子の腰布,ししのこしぬの,コロシアム,,"10,000GP",,,,,,,,,,,
892,合成アイテム,四章,9,アマゾネスの腰布,あまぞねすのこしぬの,伝説のコロシアム,,"10,000GP",,,,,,,,,,,
893,合成アイテム,五章,1,金の鍵,きんのかぎ,レバノンの森黄金宮殿,,"10,000GP",,,,,,,,,,,
894,合成アイテム,五章,2,メデューサの首,めでゅーさのくび,霧の森ファミリアの町,,"10,000GP",,,,,,,,,,,
895,合成アイテム,五章,3,鉄の顎,てつのあご,空中遺跡,,"10,000GP",,,,,,,,,,,
896,合成アイテム,五章,4,ビッグジョー,びっぐじょー,大平原,,"10,000GP",,,,,,,,,,,
897,合成アイテム,五章,5,堅い皮膚,かたいひふ,大平原,,"10,000GP",,,,,,,,,,,
898,合成アイテム,五章,6,海神のひげ,かいじんのひげ,ネア湖,,"10,000GP",,,,,,,,,,,
899,合成アイテム,五章,7,亀のしっぽ,かめのしっぽ,ネア湖,,"10,000GP",,,,,,,,,,,
900,合成アイテム,五章,8,竜王の涙,りゅうおうのなみだ,竜の狩り場,,"10,000GP",,,,,,,,,,,
901,合成アイテム,五章,9,七つ道具,ななつどうぐ,魏王宮,,"10,000GP",,,,,,,,,,,
902,合成アイテム,五章,10,虎の巻,とらのまき,魏王宮,,"10,000GP",,,,,,,,,,,
903,合成アイテム,五章,11,扇子,せんす,魏王宮,,"10,000GP",,,,,,,,,,,
904,合成アイテム,五章,12,祈祷棒,きとうぼう,魏王宮,,"10,000GP",,,,,,,,,,,
905,合成アイテム,五章,13,キリンの角,きりんのつの,黄山,,"10,000GP",,,,,,,,,,,
906,合成アイテム,五章,14,奇妙な椅子,きみょうないす,マレフィムの丘ファミリアの町,,"10,000GP",,,,,,,,,,,
907,合成アイテム,五章,15,思い出の日記,おもいでのにっき,ファミリアの町,,"10,000GP",,,,,,,,,,,
908,合成アイテム,五章,16,忠義の兜,ちゅうぎのかぶと,黄金宮殿,,"10,000GP",,,,,,,,,,,
909,合成アイテム,五章,17,ロイヤルサイン,ろいやるさいん,竜の狩り場,,"10,000GP",,,,,,,,,,,
910,合成アイテム,五章,18,首輪,くびわ,黄金宮殿,,"10,000GP",,,,,,,,,,,
911,合成アイテム,五章,19,,,,,"10,000GP",,,,,,,,,,,
912,合成アイテム,五章,20,,,,,"10,000GP",,,,,,,,,,,
913,合成アイテム,五章,21,,,,,"10,000GP",,,,,,,,,,,
914,合成アイテム,五章,22,,,,,"10,000GP",,,,,,,,,,,
915,合成アイテム,六章,1,王者の遺骨,おうじゃのいこつ,死神の遺跡,,"10,000GP",,,,,,,,,,,
916,合成アイテム,六章,2,,,,,"10,000GP",,,,,,,,,,,
917,合成アイテム,六章,3,,,,,"10,000GP",,,,,,,,,,,
918,合成アイテム,六章,4,,,,,"10,000GP",,,,,,,,,,,
919,合成アイテム,六章,5,,,,,"10,000GP",,,,,,,,,,,
920,合成アイテム,六章,6,菩提樹の葉,ぼだいじゅのは,魔性のコロシアム,,"10,000GP",,,,,,,,,,,
921,合成アイテム,六章,7,,,,,"10,000GP",,,,,,,,,,,
922,合成アイテム,六章,8,,,,,"10,000GP",,,,,,,,,,,
923,合成アイテム,七章,1,ピラミッドストーン,ぴらみっどすとーん,森の地下,,"10,000GP",,,,,,,,,,,
924,合成アイテム,七章,2,香水,こうすい,森の地下,,"10,000GP",,,,,,,,,,,
925,合成アイテム,七章,3,しゃれこうべ,しゃれこうべ,霧の森森の地下,,"10,000GP",,,,,,,,,,,
926,合成アイテム,七章,4,将軍の勲章,しょうぐんのくんしょう,森の地下,,"10,000GP",,,,,,,,,,,
927,合成アイテム,七章,5,核の灰,かくのはい,森の地下,,"10,000GP",,,,,,,,,,,
928,合成アイテム,七章,6,ワイヤーフレーム,わいやーふれーむ,森の地下,,"10,000GP",,,,,,,,,,,
929,合成アイテム,七章,7,鷲の翼,わしのつばさ,森の地下,,"10,000GP",,,,,,,,,,,
930,合成アイテム,七章,8,,,,,"10,000GP",,,,,,,,,,,
931,合成アイテム,七章,9,,,,,"10,000GP",,,,,,,,,,,
932,合成アイテム,七章,10,殺戮衝動,さつりくしょうどう,霧の森,,"10,000GP",,,,,,,,,,,
933,合成アイテム,七章,11,,,,,"10,000GP",,,,,,,,,,,
934,合成アイテム,七章,12,,,,,"10,000GP",,,,,,,,,,,
935,合成アイテム,七章,13,,,,,"10,000GP",,,,,,,,,,,
936,合成アイテム,七章,14,,,,,"10,000GP",,,,,,,,,,,
937,魔造素材,魔造生物,1,ゴリアテ,ごりあて,,[2.0倍]アイテム装備可能数　[0.8倍]攻撃威力　[0.8倍]魔法威力　[半減]魔法防御力　[0.50]獲得経験値　[0.66]獲得経験値　[黒精Lv50]殺意,"1,000,000GP",,,,,,,,,,,
938,魔造素材,魔造生物,2,タロス,たろす,,[2.0倍]アイテム装備可能数　[0.8倍]攻撃威力　[0.8倍]魔法威力　[半減]魔法防御力　[0.50]獲得経験値　[0.66]獲得経験値　[天妖Lv50]飛翔,"1,000,000GP",,,,,,,,,,,
939,魔造素材,魔造生物,3,ケルピー,けるぴー,シュケルプ湖,力+5　知恵+5　精神+5　体力+5　敏捷+8　[個性+]正直者　[個性+]賭け事は嫌い　[個性+]自然が好き　[個性]交渉は苦手　[才能]攻撃力　[才能]防御力　[才能]回避能力　[半減]アイテム装備可能数　[+3]アイテム装備可能数　[+4]アイテム装備可能数　[Lv倍]重鎧装備　[戦術]高速行動　[+15]追加ダメージ　[1.3倍]必殺威力　[15%]全体回復Lv5　[3回]ブリザード　[0.75倍]獲得経験値　[1.80倍]取得GP　[信者Lv50]集中詠唱(%)　[機械Lv50]加速,"1,000,000GP",,,,,,,,,,,
940,魔造素材,魔造生物,4,デーモン,でーもん,魔性の廃墟,,"500,000GP",,,,,,,,,,,
941,魔造素材,魔造生物,5,ホワイトドラゴン,ほわいとどらごん,,,"1,000,000GP",,,,,,,,,,,
942,魔造素材,魔造生物,6,フライングソード,ふらいんぐそーど,魔性のホルン遺跡,,"250,000GP",,,,,,,,,,,
943,魔造素材,魔造生物,7,ミノタウロス,みのたうろす,マチェス遺跡,,"1,500,000GP",,,,,,,,,,,
944,魔造素材,魔造生物,8,サキュバス,さきゅばす,魔性のラルバ遺跡魔性の呂布戦,,"3,500,000GP",,,,,,,,,,,
945,魔造素材,魔造生物,9,ユニコーン,ゆにこーん,魔性の迷いの森,,"2,500,000GP",,,,,,,,,,,
946,魔造素材,魔造生物,10,ブロッブ,ぶろっぶ,魔性の空中遺跡,,"1,000,000GP",,,,,,,,,,,
947,魔造素材,魔造生物,11,サスカッチ,さすかっち,魔性の氷雷山（尾根）魔性の雪山の戦い,,"1,000,000GP",,,,,,,,,,,
948,魔造素材,魔造生物,12,ハッピーラビット,はっぴーらびっと,伝説のラッキーラビット伝説のシルバーラビット,,"250,000GP",,,,,,,,,,,
949,魔造素材,魔造生物,13,ウィルオウィスプ,うぃるおうぃすぷ,魔性の氷雷山（頂上）,,GP,,,,,,,,,,,
950,魔造素材,魔造生物,14,,,,,GP,,,,,,,,,,,
951,魔造素材,魔造生物,15,サイコドッグ,さいこどっぐ,魔性の死神の遺跡,,GP,,,,,,,,,,,
952,魔造素材,魔造生物,16,サンダーバード,さんだーばーど,魔性の大森林の決戦魔性の鳥居,,GP,,,,,,,,,,,
953,魔造素材,魔造生物,17,リッチー,りっちー,,,"2,500,000GP",,,,,,,,,,,
954,魔造素材,魔造生物,18,踊る人形,おどるにんぎょう,魔性の迷いの森,,"3,000,000GP",,,,,,,,,,,
955,魔造素材,魔造生物,19,,,,,GP,,,,,,,,,,,
956,魔造素材,魔造生物,20,,,,,GP,,,,,,,,,,,
957,魔造素材,魔造生物,21,,,,,GP,,,,,,,,,,,
958,魔造素材,魔造生物,22,,,,,GP,,,,,,,,,,,
959,魔造素材,魔造生物,23,キリン,きりん,黄山,,"5,000,000GP",,,,,,,,,,,
960,魔造素材,魔造生物,24,,,,,GP,,,,,,,,,,,
961,魔造素材,魔造生物,25,,,,,GP,,,,,,,,,,,
962,魔造素材,魔造生物,26,ペガサス,ぺがさす,アイテム合成,,GP,,,,,,,,,,,
963,魔造素材,魔造生物,27,,,,,GP,,,,,,,,,,,
964,魔造素材,魔造生物,28,,,,,GP,,,,,,,,,,,
965,魔造素材,魔造生物,29,,,,,GP,,,,,,,,,,,
966,魔造素材,魔造生物,30,火ノ鳥,ひのとり,魔性の魏王宮,,GP,,,,,,,,,,,
967,魔造素材,魔造生物,31,黒狼,こくろう,魔性の霧の森,,GP,,,,,,,,,,,
968,魔造素材,魔造生物,32,,,,,GP,,,,,,,,,,,
969,魔造素材,魔造生物,33,ネメアーの獅子,ねめあーのしし,魔性のコロシアム,,GP,,,,,,,,,,,
970,魔造素材,魔造生物,34,エンキドゥ,えんきどぅ,魔性のレバノンの森,,"10,000,000GP",,,,,,,,,,,
971,魔造素材,魔造生物,35,銀竜,ぎんりゅう,伝説の氷雷山（尾根）,,GP,,,,,,,,,,,
972,魔造素材,魔造生物,36,金竜,きんりゅう,伝説の氷雷山（頂上）,,GP,,,,,,,,,,,
973,魔造素材,魔造生物,37,,,,,GP,,,,,,,,,,,
